Workbook

Sheet 対応表
A1: { | B1: okemoji | C1: japanese | D1: 備考/用例 | E1: URL① | F1: ② | G1: ③ | H1: ④ | I1: ⑤ | J1: ⑥
B2: ァ | C2: 0
B3: ア | C3: 1
B4: ィ | C4: 2
B5: イ | C5: 3
B6: ゥ | C6: 4
B7: ウ | C7: 5
B8: ェ | C8: 6
B9: エ | C9: 7
B10: ォ | C10: 8
B11: オ | C11: 9
B12: カ | C12: 10
B13: ガ | C13: 11
... B71: ユ | C71: 69
B72: 东 | C72: あ
B73: 代 | C73: い
B74: 乱 | C74: う
B75: 仃 | C75: え
B76: 僌 | C76: お
B77: 丌 | C77: か
B78: 丄 | C78: き
B79: 乇 | C79: く
B80: 丟 | C80: け
B81: 一 | C81: こ
B82: 乡 | C82: さ
B83: 丣 | C83: し
... B134: 刬 | C134: べ
B135: 丽 | C135: ぼ | D135: おぼろ区 | E135: おぼろ区
B136: 傫 | C136: ぱ
B137: 凋 | C137: ぴ
B138: 傰 | C138: ぷ
B139: 倨 | C139: ぺ
B140: 俊 | C140: ぽ
B141: 侔 | C141: ぇ
B142: 俬 | C142: ゃ
B143: 伖 | C143: ゅ
B144: 亞 | C144: ょ
B145: 仝 | C145: っ
B146: 傯 | C146: ー
B147: 乵 | C147: 日
... B158: 佘 | C158: 作
B159: 侚 | C159: 越? | D159: お越し | E159: にく屋 | F159: ほーむ | G159: 沿革？
B160: 備 | C160: 新
B161: 冡 | C161: 命
B162: 剙 | C162: 味
B163: 仫 | C163: 色? | D163: 色んな | E163: さかな屋
B164: 兎 | C164: 広 | D164: はば広い ・広場 | E164: くつ屋 | F164: 第1区
B165: 伛 | C165: 合
B166: 傚 | C166: 祝
B167: 匄 | C167: 選
B168: 傠 | C168: 手
B169: 候 | C169: 小
B170: 佟 | C170: 空
B171: 倏 | C171: 店
B172: 个 | C172: 一
B173: 刿 | C173: 花
B174: 丩 | C174: 第
B175: 什 | C175: 地
B176: 儺 | C176: 下
... B179: 乩 | C179: 取
B180: 冦 | C180: 扱? | D180: 扱う | E180: 沿革？ | F180: 本屋
B181: 儛 | C181: 入 | D181: おきに入り ・入店 | E181: ほーむ | F181: 本屋 | G181: さか屋
B182: 傟 | C182: 相
B183: 兛 | C183: 性
B184: 倯 | C184: 歩 | D184: 歩きまわる ・歩み | E184: ほーむ | F184: 地下街について
B185: 凗 | C185: 過? | D185: 過ごせる ・過ごす ・過♢ | E185: ほーむ | F185: 無影言本祭のお知らせ | G185: 掟にかんするお知らせ
B186: 們 | C186: 見
B187: 侫 | C187: 知
B188: 丑 | C188: 生
B189: 勿 | C189: 次? | D189: 相次いで | E189: 地しんのお知らせ
B190: 伈 | C190: 落
B191: 仲 | C191: 着
B192: 偺 | C192: 行
B193: 侦 | C193: 待 | E193: さい場
B194: 假 | C194: 客? | D194: お客様 ・勀客 ・客を集めて | E194: ほーむ | F194: 清そう屋 | G194: うんそう屋 | H194: 集かい所 | I194: さい場
B195: 侂 | C195: 様? | D195: お客様 | E195: ほーむ | F195: 清そう屋 | G195: うんそう屋
B196: 勵 | C196: 限? | D196: 限定 | E196: いべんとのお知らせ
B197: 冤 | C197: 切
B198: 传 | C198: 早 | D198: 早いし上げ ・お早めに | E198: くりーにんぐ屋 | F198: いべんとのお知らせ
B199: 乄 | C199: 常
B200: 仑 | C200: 異? | D200: 異なります | E200: いべんとのお知らせ | F200: ろう
B201: 刋 | C201: 年
B202: 勓 | C202: 開
B203: 倚 | C203: 楽
B204: 偢 | C204: 多
B205: 佒 | C205: 物
B206: 仩 | C206: 親? | D206: 親しまれて | E206: 常明像/王？ | F206: ほーむ | G206: 沿革？
B207: 剎 | C207: 月
B208: 儹 | C208: 上
B209: 下 | C209: 確? | D209: ご確にん | E209: 地下街について
B210: 儿 | C210: 存
B211: 与 | C211: 場
B212: 伅 | C212: 心
B213: 劉 | C213: 報? | D213: ご報こく ・情?報 | E213: 地しんのお知らせ | F213: 沿革？
B214: 划 | C214: 置
B215: 勜 | C215: 訪
B216: 倠 | C216: 養
B217: 了 | C217: 急 | D217: お急ぎ ・急なやまい | E217: うどん屋 | F217: びょういん
B218: 伳 | C218: 名
B219: 丏 | C219: 所
...

Sheet unicode
B1: ァ | D1: ア | F1: ィ | H1: イ | J1: ゥ | L1: ウ | N1: ェ | P1: エ | R1: ォ | T1: オ | V1: カ | X1: ガ | Z1: キ | AB1: ギ | AD1: ク | AF1: グ | AH1: ケ | AJ1: ゲ | AL1: コ | AN1: ゴ | AP1: サ | AR1: ザ | AT1: シ | AV1: ジ | AX1: ス | AZ1: ズ | BB1: セ | BD1: ゼ | BF1: ソ | BH1: ゾ | BJ1: タ | BL1: ダ | BN1: チ | BP1: ヂ | BR1: ッ | BT1: ツ | BV1: ヅ | BX1: テ | BZ1: デ | CB1: ト | CD1: ド | CF1: ナ | CH1: ニ | CJ1: ヌ | CL1: ネ | CN1: ノ | CP1: ハ | CR1: バ | CT1: パ | CV1: ヒ | CX1: ビ | CZ1: ピ | DB1: フ | DD1: ブ | DF1: プ | DH1: ヘ | DJ1: ベ | DL1: ペ | DN1: ホ | DP1: ボ | DR1: ポ | DT1: マ | DV1: ミ | DX1: ム | DZ1: メ | EB1: モ | ED1: ャ | EF1: ヤ | EH1: ュ | EJ1: ユ
A2: 〇 | B2: 0 | D2: 1 | F2: 2 | H2: 3 | J2: 4 | L2: 5 | N2: 6 | P2: 7 | R2: 8 | T2: 9 | V2: 10 | X2: 11 | Z2: 12 | AB2: 13 | AD2: 14 | AF2: 15 | AH2: 16 | AJ2: 17 | AL2: 18 | AN2: 19 | AP2: 20 | AR2: 21 | AT2: 22 | AV2: 23 | AX2: 24 | AZ2: 25 | BB2: 26 | BD2: 27 | BF2: 28 | BH2: 29 | BJ2: 30 | BL2: 31 | BN2: 32 | BP2: 33 | BR2: 34 | BT2: 35 | BV2: 36 | BX2: 37 | BZ2: 38 | CB2: 39 | CD2: 40 | CF2: 41 | CH2: 42 | CJ2: 43 | CL2: 44 | CN2: 45 | CP2: 46 | CR2: 47 | CT2: 48 | CV2: 49 | CX2: 50 | CZ2: 51 | DB2: 52 | DD2: 53 | DF2: 54 | DH2: 55 | DJ2: 56 | DL2: 57 | DN2: 58 | DP2: 59 | DR2: 60 | DT2: 61 | DV2: 62 | DX2: 63 | DZ2: 64 | EB2: 65 | ED2: 66 | EF2: 67 | EH2: 68 | EJ2: 69
A3: Ａ | B3: 一 | C3: =_xlfn.XLOOKUP(B3,対応表!$B:$B,対応表!$C:$C," ") -> こ | D3: 且 | E3: =_xlfn.XLOOKUP(D3,対応表!$B:$B,対応表!$C:$C," ") -> び | F3: 丨 | G3: =_xlfn.XLOOKUP(F3,対応表!$B:$B,対応表!$C:$C,"。") -> 。 | H3: 丼 | I3: =_xlfn.XLOOKUP(H3,対応表!$B:$B,対応表!$C:$C,"が") -> が | J3: 乐 | K3: =_xlfn.XLOOKUP(J3,対応表!$B:$B,対応表!$C:$C," ") -> せ | L3: 乤 | M3: く | N3: 乸 | O3: =_xlfn.XLOOKUP(N3,対応表!$B:$B,対応表!$C:$C," ") -> 営 | P3: 二 | Q3: =_xlfn.XLOOKUP(P3,対応表!$B:$B,対応表!$C:$C," ") | R3: 亠 | S3: =_xlfn.XLOOKUP(R3,対応表!$B:$B,対応表!$C:$C," ") -> ど | T3: 亴 | U3: =_xlfn.XLOOKUP(T3,対応表!$B:$B,対応表!$C:$C," ") | V3: 仈 | W3: =_xlfn.XLOOKUP(V3,対応表!$B:$B,対応表!$C:$C," ") | X3: 仜 | Y3: =_xlfn.XLOOKUP(X3,対応表!$B:$B,対応表!$C:$C," ") | Z3: 仰 | AA3: =_xlfn.XLOOKUP(Z3,対応表!$B:$B,対応表!$C:$C," ") -> 身 | AB3: 伄 | AC3: =_xlfn.XLOOKUP(AB3,対応表!$B:$B,対応表!$C:$C," ") | AD3: 优 | AE3: =_xlfn.XLOOKUP(AD3,対応表!$B:$B,対応表!$C:$C," ") | AF3: 伬 | AG3: =_xlfn.XLOOKUP(AF3,対応表!$B:$B,対応表!$C:$C," ") | AH3: 佀 | AI3: =_xlfn.XLOOKUP(AH3,対応表!$B:$B,対応表!$C:$C," ") | AJ3: 佔 | AK3: =_xlfn.XLOOKUP(AJ3,対応表!$B:$B,対応表!$C:$C," ") | AL3: 佨 | AM3: =_xlfn.XLOOKUP(AL3,対応表!$B:$B,対応表!$C:$C," ") | AN3: 佼 | AO3: =_xlfn.XLOOKUP(AN3,対応表!$B:$B,対応表!$C:$C," ") | AP3: 侐 | AQ3: =_xlfn.XLOOKUP(AP3,対応表!$B:$B,対応表!$C:$C," ") | AR3: 侤 | AS3: =_xlfn.XLOOKUP(AR3,対応表!$B:$B,対応表!$C:$C," ") -> 内 | AT3: 侸 | AU3: =_xlfn.XLOOKUP(AT3,対応表!$B:$B,対応表!$C:$C," ") -> [侸]? | AV3: 俌 | AW3: =_xlfn.XLOOKUP(AV3,対応表!$B:$B,対応表!$C:$C," ") | AX3: 俠 | AY3: =_xlfn.XLOOKUP(AX3,対応表!$B:$B,対応表!$C:$C," ") | AZ3: 俴 | BA3: =_xlfn.XLOOKUP(AZ3,対応表!$B:$B,対応表!$C:$C," ") | BB3: 倈 | BC3: =_xlfn.XLOOKUP(BB3,対応表!$B:$B,対応表!$C:$C," ") -> む | BD3: 倜 | BE3: =_xlfn.XLOOKUP(BD3,対応表!$B:$B,対応表!$C:$C," ") | BF3: 倰 | BG3: =_xlfn.XLOOKUP(BF3,対応表!$B:$B,対応表!$C:$C," ") | BH3: 偄 | BI3: =_xlfn.XLOOKUP(BH3,対応表!$B:$B,対応表!$C:$C," ") -> 明 | BJ3: 偘 | BK3: =_xlfn.XLOOKUP(BJ3,対応表!$B:$B,対応表!$C:$C," ") | BL3: 偬 | BM3: =_xlfn.XLOOKUP(BL3,対応表!$B:$B,対応表!$C:$C," ") -> 価 | BN3: 傀 | BO3: =_xlfn.XLOOKUP(BN3,対応表!$B:$B,対応表!$C:$C," ") | BP3: 傔 | BQ3: =_xlfn.XLOOKUP(BP3,対応表!$B:$B,対応表!$C:$C," ") | BR3: 储 | BS3: =_xlfn.XLOOKUP(BR3,対応表!$B:$B,対応表!$C:$C," ") | BT3: 傼 | BU3: =_xlfn.XLOOKUP(BT3,対応表!$B:$B,対応表!$C:$C," ") | BV3: 僐 | BW3: =_xlfn.XLOOKUP(BV3,対応表!$B:$B,対応表!$C:$C," ") | BX3: 僤 | BY3: =_xlfn.XLOOKUP(BX3,対応表!$B:$B,対応表!$C:$C," ") -> 寄? | BZ3: 僸 | CA3: =_xlfn.XLOOKUP(BZ3,対応表!$B:$B,対応表!$C:$C," ") | CB3: 儌 | CC3: =_xlfn.XLOOKUP(CB3,対応表!$B:$B,対応表!$C:$C," ") -> 祭 | CD3: 儠 | CE3: =_xlfn.XLOOKUP(CD3,対応表!$B:$B,対応表!$C:$C," ") | CF3: 儴 | CG3: =_xlfn.XLOOKUP(CF3,対応表!$B:$B,対応表!$C:$C," ") | CH3: 先 | CI3: =_xlfn.XLOOKUP(CH3,対応表!$B:$B,対応表!$C:$C," ") | CJ3: 兜 | CK3: =_xlfn.XLOOKUP(CJ3,対応表!$B:$B,対応表!$C:$C," ") | CL3: 兰 | CM3: =_xlfn.XLOOKUP(CL3,対応表!$B:$B,対応表!$C:$C," ") -> わ | CN3: 冄 | CO3: =_xlfn.XLOOKUP(CN3,対応表!$B:$B,対応表!$C:$C," ") | CP3: 冘 | CQ3: =_xlfn.XLOOKUP(CP3,対応表!$B:$B,対応表!$C:$C," ") | CR3: 冬 | CS3: =_xlfn.XLOOKUP(CR3,対応表!$B:$B,対応表!$C:$C," ") | CT3: 净 | CU3: =_xlfn.XLOOKUP(CT3,対応表!$B:$B,対応表!$C:$C," ") | CV3: 凔 | CW3: =_xlfn.XLOOKUP(CV3,対応表!$B:$B,対応表!$C:$C," ") | CX3: 凨 | CY3: =_xlfn.XLOOKUP(CX3,対応表!$B:$B,対応表!$C:$C," ") | CZ3: 凼 | DA3: =_xlfn.XLOOKUP(CZ3,対応表!$B:$B,対応表!$C:$C," ") | DB3: 刐 | DC3: =_xlfn.XLOOKUP(DB3,対応表!$B:$B,対応表!$C:$C," ") | DD3: 判 | DE3: =_xlfn.XLOOKUP(DD3,対応表!$B:$B,対応表!$C:$C," ") | DF3: 券 | DG3: =_xlfn.XLOOKUP(DF3,対応表!$B:$B,対応表!$C:$C," ") | DH3: 剌 | DI3: =_xlfn.XLOOKUP(DH3,対応表!$B:$B,対応表!$C:$C," ") | DJ3: 剠 | DK3: =_xlfn.XLOOKUP(DJ3,対応表!$B:$B,対応表!$C:$C," ") -> 決? | DL3: 剴 | DM3: =_xlfn.XLOOKUP(DL3,対応表!$B:$B,対応表!$C:$C," ") | DN3: 劈 | DO3: =_xlfn.XLOOKUP(DN3,対応表!$B:$B,対応表!$C:$C," ") -> 情? | DP3: 劜 | DQ3: =_xlfn.XLOOKUP(DP3,対応表!$B:$B,対応表!$C:$C," ") | DR3: 劰 | DS3: =_xlfn.XLOOKUP(DR3,対応表!$B:$B,対応表!$C:$C," ") | DT3: 勄 | DU3: =_xlfn.XLOOKUP(DT3,対応表!$B:$B,対応表!$C:$C," ") | DV3: 勘 | DW3: =_xlfn.XLOOKUP(DV3,対応表!$B:$B,対応表!$C:$C," ") | DX3: 勬 | DY3: =_xlfn.XLOOKUP(DX3,対応表!$B:$B,対応表!$C:$C," ") | DZ3: 匀 | EA3: =_xlfn.XLOOKUP(DZ3,対応表!$B:$B,対応表!$C:$C," ") | EB3: 匔 | EC3: =_xlfn.XLOOKUP(EB3,対応表!$B:$B,対応表!$C:$C," ") | ED3: 匨 | EE3: =_xlfn.XLOOKUP(ED3,対応表!$B:$B,対応表!$C:$C," ") | EF3: 匼 | EG3: =_xlfn.XLOOKUP(EF3,対応表!$B:$B,対応表!$C:$C," ") | EH3: 卐 | EI3: =_xlfn.XLOOKUP(EH3,対応表!$B:$B,対応表!$C:$C," ") | EJ3: 卤 | EK3: =_xlfn.XLOOKUP(EJ3,対応表!$B:$B,対応表!$C:$C," ")
A4: Ｂ | B4: 丁 | C4: =_xlfn.XLOOKUP(B4,対応表!$B:$B,対応表!$C:$C,"こ") -> こ | D4: 丕 | E4: {=_xlfn.XLOOKUP(D4,対応表!$B:B,対応表!$C:C," ")} -> る | F4: 丩 | G4: =_xlfn.XLOOKUP(F4,対応表!$B:$B,対応表!$C:$C," ") -> 第 | H4: 丽 | I4: =_xlfn.XLOOKUP(H4,対応表!$B:$B,対応表!$C:$C," ") -> ぼ | J4: 乑 | K4: =_xlfn.XLOOKUP(J4,対応表!$B:$B,対応表!$C:$C," ") | L4: 乥 | M4: =_xlfn.XLOOKUP(L4,対応表!$B:$B,対応表!$C:$C," ") -> ば | N4: 乹 | O4: =_xlfn.XLOOKUP(N4,対応表!$B:$B,対応表!$C:$C," ") -> み | P4: 亍 | Q4: =_xlfn.XLOOKUP(P4,対応表!$B:$B,対応表!$C:$C," ") | R4: 亡 | S4: =_xlfn.XLOOKUP(R4,対応表!$B:$B,対応表!$C:$C," ") -> 満 | T4: 亵 | U4: =_xlfn.XLOOKUP(T4,対応表!$B:$B,対応表!$C:$C," ") -> 斬? | V4: 仉 | W4: =_xlfn.XLOOKUP(V4,対応表!$B:$B,対応表!$C:$C," ") | X4: 仝 | Y4: =_xlfn.XLOOKUP(X4,対応表!$B:$B,対応表!$C:$C," ") -> っ | Z4: 仱 | AA4: =_xlfn.XLOOKUP(Z4,対応表!$B:$B,対応表!$C:$C,"に") -> に | AB4: 伅 | AC4: =_xlfn.XLOOKUP(AB4,対応表!$B:$B,対応表!$C:$C," ") -> 心 | AD4: 伙 | AE4: =_xlfn.XLOOKUP(AD4,対応表!$B:$B,対応表!$C:$C," ") | AF4: 伭 | AG4: =_xlfn.XLOOKUP(AF4,対応表!$B:$B,対応表!$C:$C," ") -> [伭]? | AH4: 佁 | AI4: =_xlfn.XLOOKUP(AH4,対応表!$B:$B,対応表!$C:$C," ") -> [佁]? | AJ4: 何 | AK4: =_xlfn.XLOOKUP(AJ4,対応表!$B:$B,対応表!$C:$C," ") | AL4: 佩 | AM4: =_xlfn.XLOOKUP(AL4,対応表!$B:$B,対応表!$C:$C," ") | AN4: 佽 | AO4: =_xlfn.XLOOKUP(AN4,対応表!$B:$B,対応表!$C:$C," ") | AP4: 侑 | AQ4: =_xlfn.XLOOKUP(AP4,対応表!$B:$B,対応表!$C:$C," ") | AR4: 侥 | AS4: =_xlfn.XLOOKUP(AR4,対応表!$B:$B,対応表!$C:$C,"に") -> に | AT4: 侹 | AU4: =_xlfn.XLOOKUP(AT4,対応表!$B:$B,対応表!$C:$C," ") | AV4: 俍 | AW4: =_xlfn.XLOOKUP(AV4,対応表!$B:$B,対応表!$C:$C," ") | AX4: 信 | AY4: =_xlfn.XLOOKUP(AX4,対応表!$B:$B,対応表!$C:$C," ") | AZ4: 俵 | BA4: =_xlfn.XLOOKUP(AZ4,対応表!$B:$B,対応表!$C:$C," ") | BB4: 倉 | BC4: =_xlfn.XLOOKUP(BB4,対応表!$B:$B,対応表!$C:$C," ") | BD4: 倝 | BE4: =_xlfn.XLOOKUP(BD4,対応表!$B:$B,対応表!$C:$C," ") | BF4: 倱 | BG4: =_xlfn.XLOOKUP(BF4,対応表!$B:$B,対応表!$C:$C," ") | BH4: 偅 | BI4: =_xlfn.XLOOKUP(BH4,対応表!$B:$B,対応表!$C:$C," ") | BJ4: 偙 | BK4: =_xlfn.XLOOKUP(BJ4,対応表!$B:$B,対応表!$C:$C," ") | BL4: 偭 | BM4: =_xlfn.XLOOKUP(BL4,対応表!$B:$B,対応表!$C:$C," ") | BN4: 傁 | BO4: =_xlfn.XLOOKUP(BN4,対応表!$B:$B,対応表!$C:$C," ") | BP4: 傕 | BQ4: =_xlfn.XLOOKUP(BP4,対応表!$B:$B,対応表!$C:$C," ") | BR4: 傩 | BS4: =_xlfn.XLOOKUP(BR4,対応表!$B:$B,対応表!$C:$C," ") | BT4: 傽 | BU4: =_xlfn.XLOOKUP(BT4,対応表!$B:$B,対応表!$C:$C," ") | BV4: 僑 | BW4: =_xlfn.XLOOKUP(BV4,対応表!$B:$B,対応表!$C:$C," ") | BX4: 僥 | BY4: =_xlfn.XLOOKUP(BX4,対応表!$B:$B,対応表!$C:$C," ") | BZ4: 價 | CA4: =_xlfn.XLOOKUP(BZ4,対応表!$B:$B,対応表!$C:$C," ") | CB4: 儍 | CC4: =_xlfn.XLOOKUP(CB4,対応表!$B:$B,対応表!$C:$C," ") | CD4: 儡 | CE4: =_xlfn.XLOOKUP(CD4,対応表!$B:$B,対応表!$C:$C," ") | CF4: 儵 | CG4: =_xlfn.XLOOKUP(CF4,対応表!$B:$B,対応表!$C:$C," ") -> 屋 | CH4: 光 | CI4: =_xlfn.XLOOKUP(CH4,対応表!$B:$B,対応表!$C:$C," ") | CJ4: 兝 | CK4: =_xlfn.XLOOKUP(CJ4,対応表!$B:$B,対応表!$C:$C," ") | CL4: 共 | CM4: =_xlfn.XLOOKUP(CL4,対応表!$B:$B,対応表!$C:$C," ") | CN4: 内 | CO4: =_xlfn.XLOOKUP(CN4,対応表!$B:$B,対応表!$C:$C," ") | CP4: 写 | CQ4: =_xlfn.XLOOKUP(CP4,対応表!$B:$B,対応表!$C:$C," ") | CR4: 冭 | CS4: =_xlfn.XLOOKUP(CR4,対応表!$B:$B,対応表!$C:$C," ") | CT4: 凁 | CU4: =_xlfn.XLOOKUP(CT4,対応表!$B:$B,対応表!$C:$C," ") | CV4: 凕 | CW4: =_xlfn.XLOOKUP(CV4,対応表!$B:$B,対応表!$C:$C," ") | CX4: 凩 | CY4: =_xlfn.XLOOKUP(CX4,対応表!$B:$B,対応表!$C:$C," ") | CZ4: 函 | DA4: =_xlfn.XLOOKUP(CZ4,対応表!$B:$B,対応表!$C:$C," ") | DB4: 刑 | DC4: =_xlfn.XLOOKUP(DB4,対応表!$B:$B,対応表!$C:$C," ") | DD4: 別 | DE4: =_xlfn.XLOOKUP(DD4,対応表!$B:$B,対応表!$C:$C," ") -> 避? | DF4: 刹 | DG4: =_xlfn.XLOOKUP(DF4,対応表!$B:$B,対応表!$C:$C," ") | DH4: 前 | DI4: =_xlfn.XLOOKUP(DH4,対応表!$B:$B,対応表!$C:$C," ") | DJ4: 剡 | DK4: =_xlfn.XLOOKUP(DJ4,対応表!$B:$B,対応表!$C:$C," ") | DL4: 創 | DM4: =_xlfn.XLOOKUP(DL4,対応表!$B:$B,対応表!$C:$C," ") -> 際? | DN4: 劉 | DO4: =_xlfn.XLOOKUP(DN4,対応表!$B:$B,対応表!$C:$C," ") -> 報? | DP4: 劝 | DQ4: =_xlfn.XLOOKUP(DP4,対応表!$B:$B,対応表!$C:$C," ") | DR4: 励 | DS4: =_xlfn.XLOOKUP(DR4,対応表!$B:$B,対応表!$C:$C," ") | DT4: 勅 | DU4: =_xlfn.XLOOKUP(DT4,対応表!$B:$B,対応表!$C:$C," ") | DV4: 務 | DW4: =_xlfn.XLOOKUP(DV4,対応表!$B:$B,対応表!$C:$C," ") | DX4: 勭 | DY4: =_xlfn.XLOOKUP(DX4,対応表!$B:$B,対応表!$C:$C," ") | DZ4: 匁 | EA4: =_xlfn.XLOOKUP(DZ4,対応表!$B:$B,対応表!$C:$C," ") | EB4: 匕 | EC4: =_xlfn.XLOOKUP(EB4,対応表!$B:$B,対応表!$C:$C," ") | ED4: 匩 | EE4: =_xlfn.XLOOKUP(ED4,対応表!$B:$B,対応表!$C:$C," ") | EF4: 匽 | EG4: =_xlfn.XLOOKUP(EF4,対応表!$B:$B,対応表!$C:$C," ") | EH4: 卑 | EI4: =_xlfn.XLOOKUP(EH4,対応表!$B:$B,対応表!$C:$C," ") | EJ4: 卥 | EK4: =_xlfn.XLOOKUP(EJ4,対応表!$B:$B,対応表!$C:$C," ")
A5: Ｃ | B5: 丂 | C5: =_xlfn.XLOOKUP(B5,対応表!$B:$B,対応表!$C:$C," ") -> に | D5: 世 | E5: {=_xlfn.XLOOKUP(D5,対応表!$B:B,対応表!$C:C," ")} -> た | F5: 个 | G5: =_xlfn.XLOOKUP(F5,対応表!$B:$B,対応表!$C:$C," ") -> 一 | H5: 举 | I5: =_xlfn.XLOOKUP(H5,対応表!$B:$B,対応表!$C:$C," ") -> や | J5: 乒 | K5: =_xlfn.XLOOKUP(J5,対応表!$B:$B,対応表!$C:$C," ") | L5: 书 | M5: =_xlfn.XLOOKUP(L5,対応表!$B:$B,対応表!$C:$C," ") -> 未? | N5: 乺 | O5: =_xlfn.XLOOKUP(N5,対応表!$B:$B,対応表!$C:$C,"に") -> に | P5: 于 | Q5: =_xlfn.XLOOKUP(P5,対応表!$B:$B,対応表!$C:$C," ") | R5: 亢 | S5: =_xlfn.XLOOKUP(R5,対応表!$B:$B,対応表!$C:$C," ") | T5: 亶 | U5: =_xlfn.XLOOKUP(T5,対応表!$B:$B,対応表!$C:$C," ") | V5: 今 | W5: =_xlfn.XLOOKUP(V5,対応表!$B:$B,対応表!$C:$C," ") | X5: 仞 | Y5: =_xlfn.XLOOKUP(X5,対応表!$B:$B,対応表!$C:$C," ") | Z5: 仲 | AA5: =_xlfn.XLOOKUP(Z5,対応表!$B:$B,対応表!$C:$C," ") -> 着 | AB5: 伆 | AC5: =_xlfn.XLOOKUP(AB5,対応表!$B:$B,対応表!$C:$C," ") | AD5: 会 | AE5: =_xlfn.XLOOKUP(AD5,対応表!$B:$B,対応表!$C:$C," ") | AF5: 伮 | AG5: =_xlfn.XLOOKUP(AF5,対応表!$B:$B,対応表!$C:$C," ") | AH5: 佂 | AI5: =_xlfn.XLOOKUP(AH5,対応表!$B:$B,対応表!$C:$C," ") | AJ5: 佖 | AK5: =_xlfn.XLOOKUP(AJ5,対応表!$B:$B,対応表!$C:$C," ") | AL5: 佪 | AM5: =_xlfn.XLOOKUP(AL5,対応表!$B:$B,対応表!$C:$C," ") | AN5: 佾 | AO5: =_xlfn.XLOOKUP(AN5,対応表!$B:$B,対応表!$C:$C," ") | AP5: 侒 | AQ5: =_xlfn.XLOOKUP(AP5,対応表!$B:$B,対応表!$C:$C," ") | AR5: 侦 | AS5: =_xlfn.XLOOKUP(AR5,対応表!$B:$B,対応表!$C:$C," ") -> 待 | AT5: 侺 | AU5: =_xlfn.XLOOKUP(AT5,対応表!$B:$B,対応表!$C:$C," ") | AV5: 俎 | AW5: =_xlfn.XLOOKUP(AV5,対応表!$B:$B,対応表!$C:$C," ") | AX5: 俢 | AY5: =_xlfn.XLOOKUP(AX5,対応表!$B:$B,対応表!$C:$C," ") | AZ5: 俶 | BA5: =_xlfn.XLOOKUP(AZ5,対応表!$B:$B,対応表!$C:$C," ") | BB5: 倊 | BC5: =_xlfn.XLOOKUP(BB5,対応表!$B:$B,対応表!$C:$C," ") | BD5: 倞 | BE5: =_xlfn.XLOOKUP(BD5,対応表!$B:$B,対応表!$C:$C," ") | BF5: 倲 | BG5: =_xlfn.XLOOKUP(BF5,対応表!$B:$B,対応表!$C:$C," ") | BH5: 偆 | BI5: =_xlfn.XLOOKUP(BH5,対応表!$B:$B,対応表!$C:$C," ") | BJ5: 做 | BK5: =_xlfn.XLOOKUP(BJ5,対応表!$B:$B,対応表!$C:$C," ") | BL5: 偮 | BM5: =_xlfn.XLOOKUP(BL5,対応表!$B:$B,対応表!$C:$C," ") -> 求? | BN5: 傂 | BO5: =_xlfn.XLOOKUP(BN5,対応表!$B:$B,対応表!$C:$C," ") | BP5: 傖 | BQ5: =_xlfn.XLOOKUP(BP5,対応表!$B:$B,対応表!$C:$C," ") | BR5: 傪 | BS5: =_xlfn.XLOOKUP(BR5,対応表!$B:$B,対応表!$C:$C," ") | BT5: 傾 | BU5: =_xlfn.XLOOKUP(BT5,対応表!$B:$B,対応表!$C:$C," ") | BV5: 僒 | BW5: =_xlfn.XLOOKUP(BV5,対応表!$B:$B,対応表!$C:$C," ") | BX5: 僦 | BY5: =_xlfn.XLOOKUP(BX5,対応表!$B:$B,対応表!$C:$C," ") | BZ5: 僺 | CA5: =_xlfn.XLOOKUP(BZ5,対応表!$B:$B,対応表!$C:$C," ") | CB5: 儎 | CC5: =_xlfn.XLOOKUP(CB5,対応表!$B:$B,対応表!$C:$C," ") | CD5: 儢 | CE5: =_xlfn.XLOOKUP(CD5,対応表!$B:$B,対応表!$C:$C," ") | CF5: 儶 | CG5: =_xlfn.XLOOKUP(CF5,対応表!$B:$B,対応表!$C:$C," ") | CH5: 兊 | CI5: =_xlfn.XLOOKUP(CH5,対応表!$B:$B,対応表!$C:$C," ") -> 果? | CJ5: 兞 | CK5: =_xlfn.XLOOKUP(CJ5,対応表!$B:$B,対応表!$C:$C," ") | CL5: 兲 | CM5: =_xlfn.XLOOKUP(CL5,対応表!$B:$B,対応表!$C:$C," ") | CN5: 円 | CO5: =_xlfn.XLOOKUP(CN5,対応表!$B:$B,対応表!$C:$C," ") | CP5: 冚 | CQ5: =_xlfn.XLOOKUP(CP5,対応表!$B:$B,対応表!$C:$C," ") | CR5: 冮 | CS5: =_xlfn.XLOOKUP(CR5,対応表!$B:$B,対応表!$C:$C," ") | CT5: 凂 | CU5: =_xlfn.XLOOKUP(CT5,対応表!$B:$B,対応表!$C:$C,"影") -> 影 | CV5: 凖 | CW5: =_xlfn.XLOOKUP(CV5,対応表!$B:$B,対応表!$C:$C," ") | CX5: 凪 | CY5: =_xlfn.XLOOKUP(CX5,対応表!$B:$B,対応表!$C:$C," ") -> 断? | CZ5: 凾 | DA5: =_xlfn.XLOOKUP(CZ5,対応表!$B:$B,対応表!$C:$C," ") -> 交? | DB5: 划 | DC5: =_xlfn.XLOOKUP(DB5,対応表!$B:$B,対応表!$C:$C," ") -> 置 | DD5: 刦 | DE5: =_xlfn.XLOOKUP(DD5,対応表!$B:$B,対応表!$C:$C," ") | DF5: 刺 | DG5: =_xlfn.XLOOKUP(DF5,対応表!$B:$B,対応表!$C:$C," ") | DH5: 剎 | DI5: =_xlfn.XLOOKUP(DH5,対応表!$B:$B,対応表!$C:$C," ") -> 月 | DJ5: 剢 | DK5: =_xlfn.XLOOKUP(DJ5,対応表!$B:$B,対応表!$C:$C," ") | DL5: 剶 | DM5: =_xlfn.XLOOKUP(DL5,対応表!$B:$B,対応表!$C:$C," ") | DN5: 劊 | DO5: =_xlfn.XLOOKUP(DN5,対応表!$B:$B,対応表!$C:$C," ") | DP5: 办 | DQ5: =_xlfn.XLOOKUP(DP5,対応表!$B:$B,対応表!$C:$C," ") | DR5: 劲 | DS5: =_xlfn.XLOOKUP(DR5,対応表!$B:$B,対応表!$C:$C," ") | DT5: 勆 | DU5: =_xlfn.XLOOKUP(DT5,対応表!$B:$B,対応表!$C:$C," ") | DV5: 勚 | DW5: =_xlfn.XLOOKUP(DV5,対応表!$B:$B,対応表!$C:$C," ") | DX5: 勮 | DY5: =_xlfn.XLOOKUP(DX5,対応表!$B:$B,対応表!$C:$C," ") -> 必 | DZ5: 匂 | EA5: =_xlfn.XLOOKUP(DZ5,対応表!$B:$B,対応表!$C:$C," ") | EB5: 化 | EC5: =_xlfn.XLOOKUP(EB5,対応表!$B:$B,対応表!$C:$C," ") | ED5: 匪 | EE5: =_xlfn.XLOOKUP(ED5,対応表!$B:$B,対応表!$C:$C," ") | EF5: 匾 | EG5: =_xlfn.XLOOKUP(EF5,対応表!$B:$B,対応表!$C:$C," ") | EH5: 卒 | EI5: =_xlfn.XLOOKUP(EH5,対応表!$B:$B,対応表!$C:$C," ") | EJ5: 卦 | EK5: =_xlfn.XLOOKUP(EJ5,対応表!$B:$B,対応表!$C:$C," ")
A6: Ｄ | B6: 七 | C6: =_xlfn.XLOOKUP(B6,対応表!$B:$B,対応表!$C:$C,"書") -> 書? | D6: 丗 | E6: {=_xlfn.XLOOKUP(D6,対応表!$B:B,対応表!$C:C," ")} -> め | F6: 丫 | G6: =_xlfn.XLOOKUP(F6,対応表!$B:$B,対応表!$C:$C," ") | H6: 丿 | I6: =_xlfn.XLOOKUP(H6,対応表!$B:$B,対応表!$C:$C,"け") -> け | J6: 乓 | K6: =_xlfn.XLOOKUP(J6,対応表!$B:$B,対応表!$C:$C," ") | L6: 乧 | M6: =_xlfn.XLOOKUP(L6,対応表!$B:$B,対応表!$C:$C," ") -> 来 | N6: 乻 | O6: =_xlfn.XLOOKUP(N6,対応表!$B:$B,対応表!$C:$C," ") -> 変? | P6: 亏 | Q6: =_xlfn.XLOOKUP(P6,対応表!$B:$B,対応表!$C:$C," ") -> じ | R6: 亣 | S6: =_xlfn.XLOOKUP(R6,対応表!$B:$B,対応表!$C:$C," ") | T6: 亷 | U6: =_xlfn.XLOOKUP(T6,対応表!$B:$B,対応表!$C:$C," ") -> 音 | V6: 介 | W6: =_xlfn.XLOOKUP(V6,対応表!$B:$B,対応表!$C:$C," ") -> [介]? | X6: 仟 | Y6: =_xlfn.XLOOKUP(X6,対応表!$B:$B,対応表!$C:$C," ") | Z6: 仳 | AA6: =_xlfn.XLOOKUP(Z6,対応表!$B:$B,対応表!$C:$C," ") | AB6: 伇 | AC6: =_xlfn.XLOOKUP(AB6,対応表!$B:$B,対応表!$C:$C," ") | AD6: 伛 | AE6: =_xlfn.XLOOKUP(AD6,対応表!$B:$B,対応表!$C:$C," ") -> 合 | AF6: 伯 | AG6: =_xlfn.XLOOKUP(AF6,対応表!$B:$B,対応表!$C:$C," ") | AH6: 佃 | AI6: =_xlfn.XLOOKUP(AH6,対応表!$B:$B,対応表!$C:$C," ") -> 持 | AJ6: 佗 | AK6: =_xlfn.XLOOKUP(AJ6,対応表!$B:$B,対応表!$C:$C," ") | AL6: 佫 | AM6: =_xlfn.XLOOKUP(AL6,対応表!$B:$B,対応表!$C:$C," ") -> 本 | AN6: 使 | AO6: =_xlfn.XLOOKUP(AN6,対応表!$B:$B,対応表!$C:$C," ") | AP6: 侓 | AQ6: =_xlfn.XLOOKUP(AP6,対応表!$B:$B,対応表!$C:$C," ") | AR6: 侧 | AS6: =_xlfn.XLOOKUP(AR6,対応表!$B:$B,対応表!$C:$C," ") | AT6: 侻 | AU6: =_xlfn.XLOOKUP(AT6,対応表!$B:$B,対応表!$C:$C," ") -> [侻]? | AV6: 俏 | AW6: =_xlfn.XLOOKUP(AV6,対応表!$B:$B,対応表!$C:$C," ") | AX6: 俣 | AY6: =_xlfn.XLOOKUP(AX6,対応表!$B:$B,対応表!$C:$C," ") | AZ6: 俷 | BA6: =_xlfn.XLOOKUP(AZ6,対応表!$B:$B,対応表!$C:$C," ") | BB6: 個 | BC6: =_xlfn.XLOOKUP(BB6,対応表!$B:$B,対応表!$C:$C," ") | BD6: 借 | BE6: =_xlfn.XLOOKUP(BD6,対応表!$B:$B,対応表!$C:$C," ") -> 休 | BF6: 倳 | BG6: =_xlfn.XLOOKUP(BF6,対応表!$B:$B,対応表!$C:$C," ") | BH6: 假 | BI6: =_xlfn.XLOOKUP(BH6,対応表!$B:$B,対応表!$C:$C," ") -> 客? | BJ6: 偛 | BK6: =_xlfn.XLOOKUP(BJ6,対応表!$B:$B,対応表!$C:$C," ") | BL6: 偯 | BM6: =_xlfn.XLOOKUP(BL6,対応表!$B:$B,対応表!$C:$C," ") | BN6: 傃 | BO6: =_xlfn.XLOOKUP(BN6,対応表!$B:$B,対応表!$C:$C," ") | BP6: 傗 | BQ6: =_xlfn.XLOOKUP(BP6,対応表!$B:$B,対応表!$C:$C," ") | BR6: 傫 | BS6: =_xlfn.XLOOKUP(BR6,対応表!$B:$B,対応表!$C:$C," ") -> ぱ | BT6: 傿 | BU6: =_xlfn.XLOOKUP(BT6,対応表!$B:$B,対応表!$C:$C," ") | BV6: 僓 | BW6: =_xlfn.XLOOKUP(BV6,対応表!$B:$B,対応表!$C:$C," ") | BX6: 僧 | BY6: =_xlfn.XLOOKUP(BX6,対応表!$B:$B,対応表!$C:$C," ") | BZ6: 僻 | CA6: =_xlfn.XLOOKUP(BZ6,対応表!$B:$B,対応表!$C:$C," ") | CB6: 儏 | CC6: =_xlfn.XLOOKUP(CB6,対応表!$B:$B,対応表!$C:$C," ") -> 関? | CD6: 儣 | CE6: =_xlfn.XLOOKUP(CD6,対応表!$B:$B,対応表!$C:$C," ") | CF6: 儷 | CG6: =_xlfn.XLOOKUP(CF6,対応表!$B:$B,対応表!$C:$C," ") -> 除? | CH6: 克 | CI6: =_xlfn.XLOOKUP(CH6,対応表!$B:$B,対応表!$C:$C," ") | CJ6: 兟 | CK6: =_xlfn.XLOOKUP(CJ6,対応表!$B:$B,対応表!$C:$C," ") | CL6: 关 | CM6: =_xlfn.XLOOKUP(CL6,対応表!$B:$B,対応表!$C:$C," ") -> 軽 | CN6: 冇 | CO6: =_xlfn.XLOOKUP(CN6,対応表!$B:$B,対応表!$C:$C," ") | CP6: 军 | CQ6: =_xlfn.XLOOKUP(CP6,対応表!$B:$B,対応表!$C:$C," ") | CR6: 冯 | CS6: =_xlfn.XLOOKUP(CR6,対応表!$B:$B,対応表!$C:$C," ") -> ざ | CT6: 凃 | CU6: =_xlfn.XLOOKUP(CT6,対応表!$B:$B,対応表!$C:$C," ") -> 封 | CV6: 凗 | CW6: =_xlfn.XLOOKUP(CV6,対応表!$B:$B,対応表!$C:$C," ") -> 過? | CX6: 凫 | CY6: =_xlfn.XLOOKUP(CX6,対応表!$B:$B,対応表!$C:$C," ") | CZ6: 凿 | DA6: =_xlfn.XLOOKUP(CZ6,対応表!$B:$B,対応表!$C:$C," ") | DB6: 刓 | DC6: =_xlfn.XLOOKUP(DB6,対応表!$B:$B,対応表!$C:$C," ") | DD6: 刧 | DE6: =_xlfn.XLOOKUP(DD6,対応表!$B:$B,対応表!$C:$C," ") | DF6: 刻 | DG6: =_xlfn.XLOOKUP(DF6,対応表!$B:$B,対応表!$C:$C," ") -> 首? | DH6: 剏 | DI6: =_xlfn.XLOOKUP(DH6,対応表!$B:$B,対応表!$C:$C," ") | DJ6: 剣 | DK6: =_xlfn.XLOOKUP(DJ6,対応表!$B:$B,対応表!$C:$C," ") | DL6: 剷 | DM6: =_xlfn.XLOOKUP(DL6,対応表!$B:$B,対応表!$C:$C," ") -> 定 | DN6: 劋 | DO6: =_xlfn.XLOOKUP(DN6,対応表!$B:$B,対応表!$C:$C," ") | DP6: 功 | DQ6: =_xlfn.XLOOKUP(DP6,対応表!$B:$B,対応表!$C:$C," ") | DR6: 劳 | DS6: =_xlfn.XLOOKUP(DR6,対応表!$B:$B,対応表!$C:$C," ") | DT6: 勇 | DU6: =_xlfn.XLOOKUP(DT6,対応表!$B:$B,対応表!$C:$C," ") -> 保 | DV6: 勛 | DW6: =_xlfn.XLOOKUP(DV6,対応表!$B:$B,対応表!$C:$C," ") | DX6: 勯 | DY6: =_xlfn.XLOOKUP(DX6,対応表!$B:$B,対応表!$C:$C," ") | DZ6: 匃 | EA6: =_xlfn.XLOOKUP(DZ6,対応表!$B:$B,対応表!$C:$C," ") | EB6: 北 | EC6: =_xlfn.XLOOKUP(EB6,対応表!$B:$B,対応表!$C:$C," ") | ED6: 匫 | EE6: =_xlfn.XLOOKUP(ED6,対応表!$B:$B,対応表!$C:$C," ") | EF6: 匿 | EG6: =_xlfn.XLOOKUP(EF6,対応表!$B:$B,対応表!$C:$C," ") | EH6: 卓 | EI6: =_xlfn.XLOOKUP(EH6,対応表!$B:$B,対応表!$C:$C," ") | EJ6: 卧 | EK6: =_xlfn.XLOOKUP(EJ6,対応表!$B:$B,対応表!$C:$C," ")
A7: Ｅ | B7: 丄 | C7: =_xlfn.XLOOKUP(B7,対応表!$B:$B,対応表!$C:$C," ") -> き | D7: 丘 | E7: {=_xlfn.XLOOKUP(D7,対応表!$B:B,対応表!$C:C,"の")} -> の | F7: 丬 | G7: =_xlfn.XLOOKUP(F7,対応表!$B:$B,対応表!$C:$C," ") | H7: 乀 | I7: =_xlfn.XLOOKUP(H7,対応表!$B:$B,対応表!$C:$C," ") | J7: 乔 | K7: =_xlfn.XLOOKUP(J7,対応表!$B:$B,対応表!$C:$C," ") | L7: 乨 | M7: =_xlfn.XLOOKUP(L7,対応表!$B:$B,対応表!$C:$C,"に") -> に | N7: 乼 | O7: =_xlfn.XLOOKUP(N7,対応表!$B:$B,対応表!$C:$C," ") -> 革? | P7: 亐 | Q7: =_xlfn.XLOOKUP(P7,対応表!$B:$B,対応表!$C:$C," ") | R7: 交 | S7: =_xlfn.XLOOKUP(R7,対応表!$B:$B,対応表!$C:$C," ") | T7: 亸 | U7: =_xlfn.XLOOKUP(T7,対応表!$B:$B,対応表!$C:$C," ") | V7: 仌 | W7: =_xlfn.XLOOKUP(V7,対応表!$B:$B,対応表!$C:$C," ") | X7: 仠 | Y7: =_xlfn.XLOOKUP(X7,対応表!$B:$B,対応表!$C:$C," ") | Z7: 仴 | AA7: =_xlfn.XLOOKUP(Z7,対応表!$B:$B,対応表!$C:$C," ") | AB7: 伈 | AC7: =_xlfn.XLOOKUP(AB7,対応表!$B:$B,対応表!$C:$C," ") -> 落 | AD7: 伜 | AE7: =_xlfn.XLOOKUP(AD7,対応表!$B:$B,対応表!$C:$C," ") | AF7: 估 | AG7: =_xlfn.XLOOKUP(AF7,対応表!$B:$B,対応表!$C:$C," ") | AH7: 佄 | AI7: =_xlfn.XLOOKUP(AH7,対応表!$B:$B,対応表!$C:$C," ") -> つ | AJ7: 佘 | AK7: =_xlfn.XLOOKUP(AJ7,対応表!$B:$B,対応表!$C:$C," ") -> 作 | AL7: 佬 | AM7: =_xlfn.XLOOKUP(AL7,対応表!$B:$B,対応表!$C:$C," ") -> 壁? | AN7: 侀 | AO7: =_xlfn.XLOOKUP(AN7,対応表!$B:$B,対応表!$C:$C," ") | AP7: 侔 | AQ7: =_xlfn.XLOOKUP(AP7,対応表!$B:$B,対応表!$C:$C," ") -> ぇ | AR7: 侨 | AS7: =_xlfn.XLOOKUP(AR7,対応表!$B:$B,対応表!$C:$C," ") | AT7: 侼 | AU7: =_xlfn.XLOOKUP(AT7,対応表!$B:$B,対応表!$C:$C," ") | AV7: 俐 | AW7: =_xlfn.XLOOKUP(AV7,対応表!$B:$B,対応表!$C:$C," ") | AX7: 俤 | AY7: =_xlfn.XLOOKUP(AX7,対応表!$B:$B,対応表!$C:$C," ") | AZ7: 俸 | BA7: =_xlfn.XLOOKUP(AZ7,対応表!$B:$B,対応表!$C:$C," ") | BB7: 倌 | BC7: =_xlfn.XLOOKUP(BB7,対応表!$B:$B,対応表!$C:$C," ") | BD7: 倠 | BE7: =_xlfn.XLOOKUP(BD7,対応表!$B:$B,対応表!$C:$C," ") -> 養 | BF7: 倴 | BG7: =_xlfn.XLOOKUP(BF7,対応表!$B:$B,対応表!$C:$C," ") | BH7: 偈 | BI7: =_xlfn.XLOOKUP(BH7,対応表!$B:$B,対応表!$C:$C," ") | BJ7: 停 | BK7: =_xlfn.XLOOKUP(BJ7,対応表!$B:$B,対応表!$C:$C," ") | BL7: 偰 | BM7: =_xlfn.XLOOKUP(BL7,対応表!$B:$B,対応表!$C:$C," ") | BN7: 傄 | BO7: =_xlfn.XLOOKUP(BN7,対応表!$B:$B,対応表!$C:$C," ") | BP7: 傘 | BQ7: =_xlfn.XLOOKUP(BP7,対応表!$B:$B,対応表!$C:$C," ") | BR7: 催 | BS7: =_xlfn.XLOOKUP(BR7,対応表!$B:$B,対応表!$C:$C," ") | BT7: 僀 | BU7: =_xlfn.XLOOKUP(BT7,対応表!$B:$B,対応表!$C:$C," ") | BV7: 僔 | BW7: =_xlfn.XLOOKUP(BV7,対応表!$B:$B,対応表!$C:$C," ") | BX7: 僨 | BY7: =_xlfn.XLOOKUP(BX7,対応表!$B:$B,対応表!$C:$C," ") | BZ7: 僼 | CA7: =_xlfn.XLOOKUP(BZ7,対応表!$B:$B,対応表!$C:$C," ") | CB7: 儐 | CC7: =_xlfn.XLOOKUP(CB7,対応表!$B:$B,対応表!$C:$C," ") -> 係? | CD7: 儤 | CE7: =_xlfn.XLOOKUP(CD7,対応表!$B:$B,対応表!$C:$C," ") | CF7: 儸 | CG7: =_xlfn.XLOOKUP(CF7,対応表!$B:$B,対応表!$C:$C," ") | CH7: 兌 | CI7: =_xlfn.XLOOKUP(CH7,対応表!$B:$B,対応表!$C:$C," ") | CJ7: 兠 | CK7: =_xlfn.XLOOKUP(CJ7,対応表!$B:$B,対応表!$C:$C," ") | CL7: 兴 | CM7: =_xlfn.XLOOKUP(CL7,対応表!$B:$B,対応表!$C:$C," ") | CN7: 冈 | CO7: =_xlfn.XLOOKUP(CN7,対応表!$B:$B,対応表!$C:$C," ") | CP7: 农 | CQ7: =_xlfn.XLOOKUP(CP7,対応表!$B:$B,対応表!$C:$C," ") | CR7: 冰 | CS7: =_xlfn.XLOOKUP(CR7,対応表!$B:$B,対応表!$C:$C," ") | CT7: 凄 | CU7: =_xlfn.XLOOKUP(CT7,対応表!$B:$B,対応表!$C:$C," ") -> 房? | CV7: 凘 | CW7: =_xlfn.XLOOKUP(CV7,対応表!$B:$B,対応表!$C:$C," ") -> [凘]? | CX7: 凬 | CY7: =_xlfn.XLOOKUP(CX7,対応表!$B:$B,対応表!$C:$C," ") | CZ7: 刀 | DA7: =_xlfn.XLOOKUP(CZ7,対応表!$B:$B,対応表!$C:$C," ") | DB7: 刔 | DC7: =_xlfn.XLOOKUP(DB7,対応表!$B:$B,対応表!$C:$C," ") | DD7: 刨 | DE7: =_xlfn.XLOOKUP(DD7,対応表!$B:$B,対応表!$C:$C," ") | DF7: 刼 | DG7: =_xlfn.XLOOKUP(DF7,対応表!$B:$B,対応表!$C:$C," ") | DH7: 剐 | DI7: =_xlfn.XLOOKUP(DH7,対応表!$B:$B,対応表!$C:$C," ") | DJ7: 剤 | DK7: =_xlfn.XLOOKUP(DJ7,対応表!$B:$B,対応表!$C:$C," ") | DL7: 剸 | DM7: =_xlfn.XLOOKUP(DL7,対応表!$B:$B,対応表!$C:$C," ") -> 文? | DN7: 劌 | DO7: =_xlfn.XLOOKUP(DN7,対応表!$B:$B,対応表!$C:$C," ") | DP7: 加 | DQ7: =_xlfn.XLOOKUP(DP7,対応表!$B:$B,対応表!$C:$C," ") | DR7: 労 | DS7: =_xlfn.XLOOKUP(DR7,対応表!$B:$B,対応表!$C:$C," ") | DT7: 勈 | DU7: =_xlfn.XLOOKUP(DT7,対応表!$B:$B,対応表!$C:$C," ") | DV7: 勜 | DW7: =_xlfn.XLOOKUP(DV7,対応表!$B:$B,対応表!$C:$C," ") -> 訪 | DX7: 勰 | DY7: =_xlfn.XLOOKUP(DX7,対応表!$B:$B,対応表!$C:$C," ") | DZ7: 匄 | EA7: =_xlfn.XLOOKUP(DZ7,対応表!$B:$B,対応表!$C:$C," ") -> 選 | EB7: 匘 | EC7: =_xlfn.XLOOKUP(EB7,対応表!$B:$B,対応表!$C:$C," ") | ED7: 匬 | EE7: =_xlfn.XLOOKUP(ED7,対応表!$B:$B,対応表!$C:$C," ") | EF7: 區 | EG7: =_xlfn.XLOOKUP(EF7,対応表!$B:$B,対応表!$C:$C," ") | EH7: 協 | EI7: =_xlfn.XLOOKUP(EH7,対応表!$B:$B,対応表!$C:$C," ") | EJ7: 卨 | EK7: =_xlfn.XLOOKUP(EJ7,対応表!$B:$B,対応表!$C:$C," ")
A8: Ｆ | B8: 丅 | C8: =_xlfn.XLOOKUP(B8,対応表!$B:$B,対応表!$C:$C," ") -> 記 | D8: 丙 | E8: {=_xlfn.XLOOKUP(D8,対応表!$B:B,対応表!$C:C," ")} -> 言 | F8: 中 | G8: =_xlfn.XLOOKUP(F8,対応表!$B:$B,対応表!$C:$C," ") | H8: 乁 | I8: =_xlfn.XLOOKUP(H8,対応表!$B:$B,対応表!$C:$C," ") | J8: 乕 | K8: =_xlfn.XLOOKUP(J8,対応表!$B:$B,対応表!$C:$C," ") | L8: 乩 | M8: =_xlfn.XLOOKUP(L8,対応表!$B:$B,対応表!$C:$C," ") -> 取 | N8: 乽 | O8: =_xlfn.XLOOKUP(N8,対応表!$B:$B,対応表!$C:$C," ") | P8: 云 | Q8: =_xlfn.XLOOKUP(P8,対応表!$B:$B,対応表!$C:$C," ") -> 出 | R8: 亥 | S8: =_xlfn.XLOOKUP(R8,対応表!$B:$B,対応表!$C:$C," ") | T8: 亹 | U8: =_xlfn.XLOOKUP(T8,対応表!$B:$B,対応表!$C:$C," ") | V8: 仍 | W8: =_xlfn.XLOOKUP(V8,対応表!$B:$B,対応表!$C:$C," ") | X8: 仡 | Y8: =_xlfn.XLOOKUP(X8,対応表!$B:$B,対応表!$C:$C," ") -> 終 | Z8: 仵 | AA8: =_xlfn.XLOOKUP(Z8,対応表!$B:$B,対応表!$C:$C," ") | AB8: 伉 | AC8: =_xlfn.XLOOKUP(AB8,対応表!$B:$B,対応表!$C:$C," ") | AD8: 伝 | AE8: =_xlfn.XLOOKUP(AD8,対応表!$B:$B,対応表!$C:$C," ") | AF8: 伱 | AG8: =_xlfn.XLOOKUP(AF8,対応表!$B:$B,対応表!$C:$C," ") | AH8: 佅 | AI8: =_xlfn.XLOOKUP(AH8,対応表!$B:$B,対応表!$C:$C," ") | AJ8: 余 | AK8: =_xlfn.XLOOKUP(AJ8,対応表!$B:$B,対応表!$C:$C," ") | AL8: 佭 | AM8: =_xlfn.XLOOKUP(AL8,対応表!$B:$B,対応表!$C:$C,"に") -> に | AN8: 侁 | AO8: =_xlfn.XLOOKUP(AN8,対応表!$B:$B,対応表!$C:$C," ") -> 止? | AP8: 侕 | AQ8: =_xlfn.XLOOKUP(AP8,対応表!$B:$B,対応表!$C:$C," ") -> ん | AR8: 侩 | AS8: =_xlfn.XLOOKUP(AR8,対応表!$B:$B,対応表!$C:$C," ") | AT8: 侽 | AU8: =_xlfn.XLOOKUP(AT8,対応表!$B:$B,対応表!$C:$C," ") | AV8: 俑 | AW8: =_xlfn.XLOOKUP(AV8,対応表!$B:$B,対応表!$C:$C," ") | AX8: 俥 | AY8: =_xlfn.XLOOKUP(AX8,対応表!$B:$B,対応表!$C:$C," ") -> ぐ | AZ8: 俹 | BA8: =_xlfn.XLOOKUP(AZ8,対応表!$B:$B,対応表!$C:$C," ") -> 道 | BB8: 倍 | BC8: =_xlfn.XLOOKUP(BB8,対応表!$B:$B,対応表!$C:$C," ") -> 良 | BD8: 倡 | BE8: =_xlfn.XLOOKUP(BD8,対応表!$B:$B,対応表!$C:$C," ") | BF8: 倵 | BG8: =_xlfn.XLOOKUP(BF8,対応表!$B:$B,対応表!$C:$C," ") | BH8: 偉 | BI8: =_xlfn.XLOOKUP(BH8,対応表!$B:$B,対応表!$C:$C," ") -> 丁 | BJ8: 偝 | BK8: =_xlfn.XLOOKUP(BJ8,対応表!$B:$B,対応表!$C:$C," ") | BL8: 偱 | BM8: =_xlfn.XLOOKUP(BL8,対応表!$B:$B,対応表!$C:$C," ") | BN8: 傅 | BO8: =_xlfn.XLOOKUP(BN8,対応表!$B:$B,対応表!$C:$C," ") | BP8: 備 | BQ8: =_xlfn.XLOOKUP(BP8,対応表!$B:$B,対応表!$C:$C," ") -> 新 | BR8: 傭 | BS8: =_xlfn.XLOOKUP(BR8,対応表!$B:$B,対応表!$C:$C," ") | BT8: 僁 | BU8: =_xlfn.XLOOKUP(BT8,対応表!$B:$B,対応表!$C:$C," ") | BV8: 僕 | BW8: =_xlfn.XLOOKUP(BV8,対応表!$B:$B,対応表!$C:$C," ") | BX8: 僩 | BY8: =_xlfn.XLOOKUP(BX8,対応表!$B:$B,対応表!$C:$C," ") | BZ8: 僽 | CA8: =_xlfn.XLOOKUP(BZ8,対応表!$B:$B,対応表!$C:$C," ") | CB8: 儑 | CC8: =_xlfn.XLOOKUP(CB8,対応表!$B:$B,対応表!$C:$C," ") | CD8: 儥 | CE8: =_xlfn.XLOOKUP(CD8,対応表!$B:$B,対応表!$C:$C," ") | CF8: 儹 | CG8: =_xlfn.XLOOKUP(CF8,対応表!$B:$B,対応表!$C:$C," ") -> 上 | CH8: 免 | CI8: =_xlfn.XLOOKUP(CH8,対応表!$B:$B,対応表!$C:$C," ") | CJ8: 兡 | CK8: =_xlfn.XLOOKUP(CJ8,対応表!$B:$B,対応表!$C:$C," ") -> ご | CL8: 兵 | CM8: =_xlfn.XLOOKUP(CL8,対応表!$B:$B,対応表!$C:$C," ") | CN8: 冉 | CO8: =_xlfn.XLOOKUP(CN8,対応表!$B:$B,対応表!$C:$C," ") | CP8: 冝 | CQ8: =_xlfn.XLOOKUP(CP8,対応表!$B:$B,対応表!$C:$C," ") | CR8: 冱 | CS8: =_xlfn.XLOOKUP(CR8,対応表!$B:$B,対応表!$C:$C," ") | CT8: 凅 | CU8: =_xlfn.XLOOKUP(CT8,対応表!$B:$B,対応表!$C:$C," ") | CV8: 凙 | CW8: =_xlfn.XLOOKUP(CV8,対応表!$B:$B,対応表!$C:$C," ") | CX8: 凭 | CY8: =_xlfn.XLOOKUP(CX8,対応表!$B:$B,対応表!$C:$C," ") -> 力 | CZ8: 刁 | DA8: =_xlfn.XLOOKUP(CZ8,対応表!$B:$B,対応表!$C:$C," ") | DB8: 刕 | DC8: =_xlfn.XLOOKUP(DB8,対応表!$B:$B,対応表!$C:$C," ") | DD8: 利 | DE8: =_xlfn.XLOOKUP(DD8,対応表!$B:$B,対応表!$C:$C," ") | DF8: 刽 | DG8: =_xlfn.XLOOKUP(DF8,対応表!$B:$B,対応表!$C:$C," ") | DH8: 剑 | DI8: =_xlfn.XLOOKUP(DH8,対応表!$B:$B,対応表!$C:$C," ") -> 流? | DJ8: 剥 | DK8: =_xlfn.XLOOKUP(DJ8,対応表!$B:$B,対応表!$C:$C," ") | DL8: 剹 | DM8: =_xlfn.XLOOKUP(DL8,対応表!$B:$B,対応表!$C:$C," ") | DN8: 劍 | DO8: =_xlfn.XLOOKUP(DN8,対応表!$B:$B,対応表!$C:$C," ") | DP8: 务 | DQ8: =_xlfn.XLOOKUP(DP8,対応表!$B:$B,対応表!$C:$C," ") | DR8: 劵 | DS8: =_xlfn.XLOOKUP(DR8,対応表!$B:$B,対応表!$C:$C," ") | DT8: 勉 | DU8: =_xlfn.XLOOKUP(DT8,対応表!$B:$B,対応表!$C:$C," ") | DV8: 勝 | DW8: =_xlfn.XLOOKUP(DV8,対応表!$B:$B,対応表!$C:$C," ") | DX8: 勱 | DY8: =_xlfn.XLOOKUP(DX8,対応表!$B:$B,対応表!$C:$C," ") | DZ8: 包 | EA8: =_xlfn.XLOOKUP(DZ8,対応表!$B:$B,対応表!$C:$C," ") | EB8: 匙 | EC8: =_xlfn.XLOOKUP(EB8,対応表!$B:$B,対応表!$C:$C," ") -> 散? | ED8: 匭 | EE8: =_xlfn.XLOOKUP(ED8,対応表!$B:$B,対応表!$C:$C," ") | EF8: 十 | EG8: =_xlfn.XLOOKUP(EF8,対応表!$B:$B,対応表!$C:$C," ") | EH8: 单 | EI8: =_xlfn.XLOOKUP(EH8,対応表!$B:$B,対応表!$C:$C," ") | EJ8: 卩 | EK8: =_xlfn.XLOOKUP(EJ8,対応表!$B:$B,対応表!$C:$C," ")
A9: Ｇ | B9: 丆 | C9: =_xlfn.XLOOKUP(B9,対応表!$B:$B,対応表!$C:$C," ") -> す | D9: 业 | E9: {=_xlfn.XLOOKUP(D9,対応表!$B:B,対応表!$C:C,"葉")} -> 葉? | F9: 丮 | G9: =_xlfn.XLOOKUP(F9,対応表!$B:$B,対応表!$C:$C," ") -> 活 | H9: 乂 | I9: =_xlfn.XLOOKUP(H9,対応表!$B:$B,対応表!$C:$C," ") | J9: 乖 | K9: =_xlfn.XLOOKUP(J9,対応表!$B:$B,対応表!$C:$C," ") -> を | L9: 乪 | M9: =_xlfn.XLOOKUP(L9,対応表!$B:$B,対応表!$C:$C,"り") -> り | N9: 乾 | O9: =_xlfn.XLOOKUP(N9,対応表!$B:$B,対応表!$C:$C," ") | P9: 互 | Q9: =_xlfn.XLOOKUP(P9,対応表!$B:$B,対応表!$C:$C," ") | R9: 亦 | S9: =_xlfn.XLOOKUP(R9,対応表!$B:$B,対応表!$C:$C," ") | T9: 人 | U9: =_xlfn.XLOOKUP(T9,対応表!$B:$B,対応表!$C:$C," ") | V9: 从 | W9: =_xlfn.XLOOKUP(V9,対応表!$B:$B,対応表!$C:$C," ") | X9: 仢 | Y9: =_xlfn.XLOOKUP(X9,対応表!$B:$B,対応表!$C:$C," ") -> ぞ | Z9: 件 | AA9: =_xlfn.XLOOKUP(Z9,対応表!$B:$B,対応表!$C:$C," ") | AB9: 伊 | AC9: =_xlfn.XLOOKUP(AB9,対応表!$B:$B,対応表!$C:$C," ") -> 導? | AD9: 伞 | AE9: =_xlfn.XLOOKUP(AD9,対応表!$B:$B,対応表!$C:$C," ") | AF9: 伲 | AG9: =_xlfn.XLOOKUP(AF9,対応表!$B:$B,対応表!$C:$C," ") | AH9: 但 | AI9: =_xlfn.XLOOKUP(AH9,対応表!$B:$B,対応表!$C:$C," ") | AJ9: 佚 | AK9: =_xlfn.XLOOKUP(AJ9,対応表!$B:$B,対応表!$C:$C," ") | AL9: 佮 | AM9: =_xlfn.XLOOKUP(AL9,対応表!$B:$B,対応表!$C:$C," ") -> 向 | AN9: 侂 | AO9: =_xlfn.XLOOKUP(AN9,対応表!$B:$B,対応表!$C:$C," ") -> 様? | AP9: 侖 | AQ9: =_xlfn.XLOOKUP(AP9,対応表!$B:$B,対応表!$C:$C," ") | AR9: 侪 | AS9: =_xlfn.XLOOKUP(AR9,対応表!$B:$B,対応表!$C:$C," ") | AT9: 侾 | AU9: =_xlfn.XLOOKUP(AT9,対応表!$B:$B,対応表!$C:$C," ") | AV9: 俒 | AW9: =_xlfn.XLOOKUP(AV9,対応表!$B:$B,対応表!$C:$C," ") | AX9: 俦 | AY9: =_xlfn.XLOOKUP(AX9,対応表!$B:$B,対応表!$C:$C," ") | AZ9: 俺 | BA9: =_xlfn.XLOOKUP(AZ9,対応表!$B:$B,対応表!$C:$C,"に") -> に | BB9: 倎 | BC9: =_xlfn.XLOOKUP(BB9,対応表!$B:$B,対応表!$C:$C,"く") -> く | BD9: 倢 | BE9: =_xlfn.XLOOKUP(BD9,対応表!$B:$B,対応表!$C:$C," ") | BF9: 倶 | BG9: =_xlfn.XLOOKUP(BF9,対応表!$B:$B,対応表!$C:$C," ") | BH9: 偊 | BI9: =_xlfn.XLOOKUP(BH9,対応表!$B:$B,対応表!$C:$C," ") -> 重 | BJ9: 偞 | BK9: =_xlfn.XLOOKUP(BJ9,対応表!$B:$B,対応表!$C:$C," ") | BL9: 偲 | BM9: =_xlfn.XLOOKUP(BL9,対応表!$B:$B,対応表!$C:$C," ") | BN9: 傆 | BO9: =_xlfn.XLOOKUP(BN9,対応表!$B:$B,対応表!$C:$C," ") | BP9: 傚 | BQ9: =_xlfn.XLOOKUP(BP9,対応表!$B:$B,対応表!$C:$C," ") -> 祝 | BR9: 傮 | BS9: =_xlfn.XLOOKUP(BR9,対応表!$B:$B,対応表!$C:$C," ") | BT9: 僂 | BU9: =_xlfn.XLOOKUP(BT9,対応表!$B:$B,対応表!$C:$C," ") | BV9: 僖 | BW9: =_xlfn.XLOOKUP(BV9,対応表!$B:$B,対応表!$C:$C," ") | BX9: 僪 | BY9: =_xlfn.XLOOKUP(BX9,対応表!$B:$B,対応表!$C:$C," ") | BZ9: 僾 | CA9: =_xlfn.XLOOKUP(BZ9,対応表!$B:$B,対応表!$C:$C," ") | CB9: 儒 | CC9: =_xlfn.XLOOKUP(CB9,対応表!$B:$B,対応表!$C:$C," ") | CD9: 儦 | CE9: =_xlfn.XLOOKUP(CD9,対応表!$B:$B,対応表!$C:$C," ") | CF9: 儺 | CG9: =_xlfn.XLOOKUP(CF9,対応表!$B:$B,対応表!$C:$C," ") -> 下 | CH9: 兎 | CI9: =_xlfn.XLOOKUP(CH9,対応表!$B:$B,対応表!$C:$C," ") -> 広 | CJ9: 兢 | CK9: =_xlfn.XLOOKUP(CJ9,対応表!$B:$B,対応表!$C:$C," ") | CL9: 其 | CM9: =_xlfn.XLOOKUP(CL9,対応表!$B:$B,対応表!$C:$C," ") | CN9: 冊 | CO9: =_xlfn.XLOOKUP(CN9,対応表!$B:$B,対応表!$C:$C," ") | CP9: 冞 | CQ9: =_xlfn.XLOOKUP(CP9,対応表!$B:$B,対応表!$C:$C," ") -> 息? | CR9: 冲 | CS9: =_xlfn.XLOOKUP(CR9,対応表!$B:$B,対応表!$C:$C," ") | CT9: 准 | CU9: =_xlfn.XLOOKUP(CT9,対応表!$B:$B,対応表!$C:$C," ") -> 収? | CV9: 凚 | CW9: =_xlfn.XLOOKUP(CV9,対応表!$B:$B,対応表!$C:$C," ") | CX9: 凮 | CY9: =_xlfn.XLOOKUP(CX9,対応表!$B:$B,対応表!$C:$C," ") | CZ9: 刂 | DA9: =_xlfn.XLOOKUP(CZ9,対応表!$B:$B,対応表!$C:$C," ") | DB9: 刖 | DC9: =_xlfn.XLOOKUP(DB9,対応表!$B:$B,対応表!$C:$C," ") | DD9: 刪 | DE9: =_xlfn.XLOOKUP(DD9,対応表!$B:$B,対応表!$C:$C," ") | DF9: 刾 | DG9: =_xlfn.XLOOKUP(DF9,対応表!$B:$B,対応表!$C:$C," ") | DH9: 剒 | DI9: =_xlfn.XLOOKUP(DH9,対応表!$B:$B,対応表!$C:$C," ") | DJ9: 剦 | DK9: =_xlfn.XLOOKUP(DJ9,対応表!$B:$B,対応表!$C:$C," ") | DL9: 剺 | DM9: =_xlfn.XLOOKUP(DL9,対応表!$B:$B,対応表!$C:$C," ") -> 印? | DN9: 劎 | DO9: =_xlfn.XLOOKUP(DN9,対応表!$B:$B,対応表!$C:$C," ") | DP9: 劢 | DQ9: =_xlfn.XLOOKUP(DP9,対応表!$B:$B,対応表!$C:$C," ") | DR9: 劶 | DS9: =_xlfn.XLOOKUP(DR9,対応表!$B:$B,対応表!$C:$C," ") | DT9: 勊 | DU9: =_xlfn.XLOOKUP(DT9,対応表!$B:$B,対応表!$C:$C," ") | DV9: 勞 | DW9: =_xlfn.XLOOKUP(DV9,対応表!$B:$B,対応表!$C:$C," ") | DX9: 勲 | DY9: =_xlfn.XLOOKUP(DX9,対応表!$B:$B,対応表!$C:$C," ") | DZ9: 匆 | EA9: =_xlfn.XLOOKUP(DZ9,対応表!$B:$B,対応表!$C:$C," ") | EB9: 匚 | EC9: =_xlfn.XLOOKUP(EB9,対応表!$B:$B,対応表!$C:$C," ") | ED9: 匮 | EE9: =_xlfn.XLOOKUP(ED9,対応表!$B:$B,対応表!$C:$C," ") | EF9: 卂 | EG9: =_xlfn.XLOOKUP(EF9,対応表!$B:$B,対応表!$C:$C," ") | EH9: 卖 | EI9: =_xlfn.XLOOKUP(EH9,対応表!$B:$B,対応表!$C:$C," ") | EJ9: 卪 | EK9: =_xlfn.XLOOKUP(EJ9,対応表!$B:$B,対応表!$C:$C," ")
A10: Ｈ | B10: 万 | C10: =_xlfn.XLOOKUP(B10,対応表!$B:$B,対応表!$C:$C," ") -> は | D10: 丛 | E10: {=_xlfn.XLOOKUP(D10,対応表!$B:B,対応表!$C:C,"で")} -> で | F10: 丯 | G10: =_xlfn.XLOOKUP(F10,対応表!$B:$B,対応表!$C:$C," ") | H10: 乃 | I10: =_xlfn.XLOOKUP(H10,対応表!$B:$B,対応表!$C:$C," ") | J10: 乗 | K10: =_xlfn.XLOOKUP(J10,対応表!$B:$B,対応表!$C:$C," ") | L10: 乫 | M10: =_xlfn.XLOOKUP(L10,対応表!$B:$B,対応表!$C:$C," ") -> 残 | N10: 乿 | O10: =_xlfn.XLOOKUP(N10,対応表!$B:$B,対応表!$C:$C," ") | P10: 亓 | Q10: =_xlfn.XLOOKUP(P10,対応表!$B:$B,対応表!$C:$C," ") | R10: 产 | S10: =_xlfn.XLOOKUP(R10,対応表!$B:$B,対応表!$C:$C," ") | T10: 亻 | U10: =_xlfn.XLOOKUP(T10,対応表!$B:$B,対応表!$C:$C," ") | V10: 仏 | W10: =_xlfn.XLOOKUP(V10,対応表!$B:$B,対応表!$C:$C," ") | X10: 代 | Y10: =_xlfn.XLOOKUP(X10,対応表!$B:$B,対応表!$C:$C," ") -> い | Z10: 价 | AA10: =_xlfn.XLOOKUP(Z10,対応表!$B:$B,対応表!$C:$C," ") | AB10: 伋 | AC10: =_xlfn.XLOOKUP(AB10,対応表!$B:$B,対応表!$C:$C," ") | AD10: 伟 | AE10: =_xlfn.XLOOKUP(AD10,対応表!$B:$B,対応表!$C:$C," ") | AF10: 伳 | AG10: =_xlfn.XLOOKUP(AF10,対応表!$B:$B,対応表!$C:$C," ") -> 名 | AH10: 佇 | AI10: =_xlfn.XLOOKUP(AH10,対応表!$B:$B,対応表!$C:$C," ") | AJ10: 佛 | AK10: =_xlfn.XLOOKUP(AJ10,対応表!$B:$B,対応表!$C:$C," ") | AL10: 佯 | AM10: =_xlfn.XLOOKUP(AL10,対応表!$B:$B,対応表!$C:$C,"か") -> か | AN10: 侃 | AO10: =_xlfn.XLOOKUP(AN10,対応表!$B:$B,対応表!$C:$C," ") | AP10: 侗 | AQ10: =_xlfn.XLOOKUP(AP10,対応表!$B:$B,対応表!$C:$C," ") | AR10: 侫 | AS10: =_xlfn.XLOOKUP(AR10,対応表!$B:$B,対応表!$C:$C," ") -> 知 | AT10: 便 | AU10: =_xlfn.XLOOKUP(AT10,対応表!$B:$B,対応表!$C:$C," ") | AV10: 俓 | AW10: =_xlfn.XLOOKUP(AV10,対応表!$B:$B,対応表!$C:$C," ") | AX10: 俧 | AY10: =_xlfn.XLOOKUP(AX10,対応表!$B:$B,対応表!$C:$C," ") | AZ10: 俻 | BA10: =_xlfn.XLOOKUP(AZ10,対応表!$B:$B,対応表!$C:$C," ") -> 迷 | BB10: 倏 | BC10: =_xlfn.XLOOKUP(BB10,対応表!$B:$B,対応表!$C:$C," ") -> 店 | BD10: 倣 | BE10: =_xlfn.XLOOKUP(BD10,対応表!$B:$B,対応表!$C:$C," ") | BF10: 倷 | BG10: =_xlfn.XLOOKUP(BF10,対応表!$B:$B,対応表!$C:$C," ") | BH10: 偋 | BI10: =_xlfn.XLOOKUP(BH10,対応表!$B:$B,対応表!$C:$C," ") | BJ10: 偟 | BK10: =_xlfn.XLOOKUP(BJ10,対応表!$B:$B,対応表!$C:$C," ") | BL10: 偳 | BM10: =_xlfn.XLOOKUP(BL10,対応表!$B:$B,対応表!$C:$C," ") | BN10: 傇 | BO10: =_xlfn.XLOOKUP(BN10,対応表!$B:$B,対応表!$C:$C," ") | BP10: 傛 | BQ10: =_xlfn.XLOOKUP(BP10,対応表!$B:$B,対応表!$C:$C," ") | BR10: 傯 | BS10: =_xlfn.XLOOKUP(BR10,対応表!$B:$B,対応表!$C:$C," ") -> ー | BT10: 僃 | BU10: =_xlfn.XLOOKUP(BT10,対応表!$B:$B,対応表!$C:$C," ") | BV10: 僗 | BW10: =_xlfn.XLOOKUP(BV10,対応表!$B:$B,対応表!$C:$C," ") | BX10: 僫 | BY10: =_xlfn.XLOOKUP(BX10,対応表!$B:$B,対応表!$C:$C," ") | BZ10: 僿 | CA10: =_xlfn.XLOOKUP(BZ10,対応表!$B:$B,対応表!$C:$C," ") | CB10: 儓 | CC10: =_xlfn.XLOOKUP(CB10,対応表!$B:$B,対応表!$C:$C," ") | CD10: 儧 | CE10: =_xlfn.XLOOKUP(CD10,対応表!$B:$B,対応表!$C:$C," ") | CF10: 儻 | CG10: =_xlfn.XLOOKUP(CF10,対応表!$B:$B,対応表!$C:$C,"の") -> の | CH10: 兏 | CI10: =_xlfn.XLOOKUP(CH10,対応表!$B:$B,対応表!$C:$C," ") | CJ10: 兣 | CK10: =_xlfn.XLOOKUP(CJ10,対応表!$B:$B,対応表!$C:$C," ") | CL10: 具 | CM10: =_xlfn.XLOOKUP(CL10,対応表!$B:$B,対応表!$C:$C," ") | CN10: 冋 | CO10: =_xlfn.XLOOKUP(CN10,対応表!$B:$B,対応表!$C:$C," ") | CP10: 冟 | CQ10: =_xlfn.XLOOKUP(CP10,対応表!$B:$B,対応表!$C:$C," ") -> づ/付? | CR10: 决 | CS10: =_xlfn.XLOOKUP(CR10,対応表!$B:$B,対応表!$C:$C," ") | CT10: 凇 | CU10: =_xlfn.XLOOKUP(CT10,対応表!$B:$B,対応表!$C:$C," ") -> 監? | CV10: 凛 | CW10: =_xlfn.XLOOKUP(CV10,対応表!$B:$B,対応表!$C:$C," ") | CX10: 凯 | CY10: =_xlfn.XLOOKUP(CX10,対応表!$B:$B,対応表!$C:$C," ") | CZ10: 刃 | DA10: =_xlfn.XLOOKUP(CZ10,対応表!$B:$B,対応表!$C:$C," ") | DB10: 列 | DC10: =_xlfn.XLOOKUP(DB10,対応表!$B:$B,対応表!$C:$C," ") | DD10: 别 | DE10: =_xlfn.XLOOKUP(DD10,対応表!$B:$B,対応表!$C:$C," ") -> ぶ | DF10: 刿 | DG10: =_xlfn.XLOOKUP(DF10,対応表!$B:$B,対応表!$C:$C," ") -> 花 | DH10: 剓 | DI10: =_xlfn.XLOOKUP(DH10,対応表!$B:$B,対応表!$C:$C," ") | DJ10: 剧 | DK10: =_xlfn.XLOOKUP(DJ10,対応表!$B:$B,対応表!$C:$C," ") | DL10: 剻 | DM10: =_xlfn.XLOOKUP(DL10,対応表!$B:$B,対応表!$C:$C," ") | DN10: 劏 | DO10: =_xlfn.XLOOKUP(DN10,対応表!$B:$B,対応表!$C:$C," ") -> ね | DP10: 劣 | DQ10: =_xlfn.XLOOKUP(DP10,対応表!$B:$B,対応表!$C:$C," ") | DR10: 劷 | DS10: =_xlfn.XLOOKUP(DR10,対応表!$B:$B,対応表!$C:$C," ") | DT10: 勋 | DU10: =_xlfn.XLOOKUP(DT10,対応表!$B:$B,対応表!$C:$C," ") | DV10: 募 | DW10: =_xlfn.XLOOKUP(DV10,対応表!$B:$B,対応表!$C:$C," ") | DX10: 勳 | DY10: =_xlfn.XLOOKUP(DX10,対応表!$B:$B,対応表!$C:$C," ") | DZ10: 匇 | EA10: =_xlfn.XLOOKUP(DZ10,対応表!$B:$B,対応表!$C:$C," ") -> 愛? | EB10: 匛 | EC10: =_xlfn.XLOOKUP(EB10,対応表!$B:$B,対応表!$C:$C," ") | ED10: 匯 | EE10: =_xlfn.XLOOKUP(ED10,対応表!$B:$B,対応表!$C:$C," ") | EF10: 千 | EG10: =_xlfn.XLOOKUP(EF10,対応表!$B:$B,対応表!$C:$C," ") | EH10: 南 | EI10: =_xlfn.XLOOKUP(EH10,対応表!$B:$B,対応表!$C:$C," ") | EJ10: 卫 | EK10: =_xlfn.XLOOKUP(EJ10,対応表!$B:$B,対応表!$C:$C," ")
A11: Ｉ | B11: 丈 | C11: =_xlfn.XLOOKUP(B11,対応表!$B:$B,対応表!$C:$C,"こ") -> こ | D11: 东 | E11: {=_xlfn.XLOOKUP(D11,対応表!$B:B,対応表!$C:C," ")} -> あ | F11: 丰 | G11: =_xlfn.XLOOKUP(F11,対応表!$B:$B,対応表!$C:$C," ") | H11: 乄 | I11: =_xlfn.XLOOKUP(H11,対応表!$B:$B,対応表!$C:$C," ") -> 常 | J11: 乘 | K11: =_xlfn.XLOOKUP(J11,対応表!$B:$B,対応表!$C:$C," ") | L11: 乬 | M11: =_xlfn.XLOOKUP(L11,対応表!$B:$B,対応表!$C:$C,"さ") -> さ | N11: 亀 | O11: =_xlfn.XLOOKUP(N11,対応表!$B:$B,対応表!$C:$C," ") | P11: 五 | Q11: =_xlfn.XLOOKUP(P11,対応表!$B:$B,対応表!$C:$C," ") -> 四? | R11: 亨 | S11: =_xlfn.XLOOKUP(R11,対応表!$B:$B,対応表!$C:$C," ") | T11: 亼 | U11: =_xlfn.XLOOKUP(T11,対応表!$B:$B,対応表!$C:$C," ") -> ぜ | V11: 仐 | W11: =_xlfn.XLOOKUP(V11,対応表!$B:$B,対応表!$C:$C," ") | X11: 令 | Y11: =_xlfn.XLOOKUP(X11,対応表!$B:$B,対応表!$C:$C," ") | Z11: 仸 | AA11: =_xlfn.XLOOKUP(Z11,対応表!$B:$B,対応表!$C:$C," ") | AB11: 伌 | AC11: =_xlfn.XLOOKUP(AB11,対応表!$B:$B,対応表!$C:$C," ") | AD11: 传 | AE11: =_xlfn.XLOOKUP(AD11,対応表!$B:$B,対応表!$C:$C," ") -> 早 | AF11: 伴 | AG11: =_xlfn.XLOOKUP(AF11,対応表!$B:$B,対応表!$C:$C," ") | AH11: 佈 | AI11: =_xlfn.XLOOKUP(AH11,対応表!$B:$B,対応表!$C:$C," ") | AJ11: 作 | AK11: =_xlfn.XLOOKUP(AJ11,対応表!$B:$B,対応表!$C:$C," ") | AL11: 佰 | AM11: =_xlfn.XLOOKUP(AL11,対応表!$B:$B,対応表!$C:$C,"っ") -> っ | AN11: 侄 | AO11: =_xlfn.XLOOKUP(AN11,対応表!$B:$B,対応表!$C:$C," ") | AP11: 侘 | AQ11: =_xlfn.XLOOKUP(AP11,対応表!$B:$B,対応表!$C:$C," ") | AR11: 侬 | AS11: =_xlfn.XLOOKUP(AR11,対応表!$B:$B,対応表!$C:$C," ") | AT11: 俀 | AU11: =_xlfn.XLOOKUP(AT11,対応表!$B:$B,対応表!$C:$C," ") | AV11: 俔 | AW11: =_xlfn.XLOOKUP(AV11,対応表!$B:$B,対応表!$C:$C," ") | AX11: 俨 | AY11: =_xlfn.XLOOKUP(AX11,対応表!$B:$B,対応表!$C:$C," ") | AZ11: 俼 | BA11: =_xlfn.XLOOKUP(AZ11,対応表!$B:$B,対応表!$C:$C," ") | BB11: 倐 | BC11: =_xlfn.XLOOKUP(BB11,対応表!$B:$B,対応表!$C:$C,"を") -> を | BD11: 値 | BE11: =_xlfn.XLOOKUP(BD11,対応表!$B:$B,対応表!$C:$C," ") | BF11: 倸 | BG11: =_xlfn.XLOOKUP(BF11,対応表!$B:$B,対応表!$C:$C," ") | BH11: 偌 | BI11: =_xlfn.XLOOKUP(BH11,対応表!$B:$B,対応表!$C:$C," ") | BJ11: 偠 | BK11: =_xlfn.XLOOKUP(BJ11,対応表!$B:$B,対応表!$C:$C," ") | BL11: 側 | BM11: =_xlfn.XLOOKUP(BL11,対応表!$B:$B,対応表!$C:$C," ") | BN11: 傈 | BO11: =_xlfn.XLOOKUP(BN11,対応表!$B:$B,対応表!$C:$C," ") | BP11: 傜 | BQ11: =_xlfn.XLOOKUP(BP11,対応表!$B:$B,対応表!$C:$C," ") | BR11: 傰 | BS11: =_xlfn.XLOOKUP(BR11,対応表!$B:$B,対応表!$C:$C," ") -> ぷ | BT11: 僄 | BU11: =_xlfn.XLOOKUP(BT11,対応表!$B:$B,対応表!$C:$C," ") | BV11: 僘 | BW11: =_xlfn.XLOOKUP(BV11,対応表!$B:$B,対応表!$C:$C," ") | BX11: 僬 | BY11: =_xlfn.XLOOKUP(BX11,対応表!$B:$B,対応表!$C:$C," ") | BZ11: 儀 | CA11: =_xlfn.XLOOKUP(BZ11,対応表!$B:$B,対応表!$C:$C," ") | CB11: 儔 | CC11: =_xlfn.XLOOKUP(CB11,対応表!$B:$B,対応表!$C:$C," ") | CD11: 儨 | CE11: =_xlfn.XLOOKUP(CD11,対応表!$B:$B,対応表!$C:$C," ") | CF11: 儼 | CG11: =_xlfn.XLOOKUP(CF11,対応表!$B:$B,対応表!$C:$C," ") -> 区 | CH11: 児 | CI11: =_xlfn.XLOOKUP(CH11,対応表!$B:$B,対応表!$C:$C," ") | CJ11: 兤 | CK11: =_xlfn.XLOOKUP(CJ11,対応表!$B:$B,対応表!$C:$C," ") | CL11: 典 | CM11: =_xlfn.XLOOKUP(CL11,対応表!$B:$B,対応表!$C:$C," ") | CN11: 册 | CO11: =_xlfn.XLOOKUP(CN11,対応表!$B:$B,対応表!$C:$C," ") | CP11: 冠 | CQ11: =_xlfn.XLOOKUP(CP11,対応表!$B:$B,対応表!$C:$C,"く") -> く | CR11: 冴 | CS11: =_xlfn.XLOOKUP(CR11,対応表!$B:$B,対応表!$C:$C," ") | CT11: 凈 | CU11: =_xlfn.XLOOKUP(CT11,対応表!$B:$B,対応表!$C:$C," ") | CV11: 凜 | CW11: =_xlfn.XLOOKUP(CV11,対応表!$B:$B,対応表!$C:$C," ") | CX11: 凰 | CY11: =_xlfn.XLOOKUP(CX11,対応表!$B:$B,対応表!$C:$C," ") | CZ11: 刄 | DA11: =_xlfn.XLOOKUP(CZ11,対応表!$B:$B,対応表!$C:$C," ") -> 録 | DB11: 刘 | DC11: =_xlfn.XLOOKUP(DB11,対応表!$B:$B,対応表!$C:$C," ") -> 時 | DD11: 刬 | DE11: =_xlfn.XLOOKUP(DD11,対応表!$B:$B,対応表!$C:$C," ") -> べ | DF11: 剀 | DG11: =_xlfn.XLOOKUP(DF11,対応表!$B:$B,対応表!$C:$C," ") | DH11: 剔 | DI11: =_xlfn.XLOOKUP(DH11,対応表!$B:$B,対応表!$C:$C," ") | DJ11: 剨 | DK11: =_xlfn.XLOOKUP(DJ11,対応表!$B:$B,対応表!$C:$C," ") | DL11: 剼 | DM11: =_xlfn.XLOOKUP(DL11,対応表!$B:$B,対応表!$C:$C," ") -> 集 | DN11: 劐 | DO11: =_xlfn.XLOOKUP(DN11,対応表!$B:$B,対応表!$C:$C," ") | DP11: 劤 | DQ11: =_xlfn.XLOOKUP(DP11,対応表!$B:$B,対応表!$C:$C," ") | DR11: 劸 | DS11: =_xlfn.XLOOKUP(DR11,対応表!$B:$B,対応表!$C:$C," ") | DT11: 勌 | DU11: =_xlfn.XLOOKUP(DT11,対応表!$B:$B,対応表!$C:$C," ") | DV11: 勠 | DW11: =_xlfn.XLOOKUP(DV11,対応表!$B:$B,対応表!$C:$C," ") | DX11: 勴 | DY11: =_xlfn.XLOOKUP(DX11,対応表!$B:$B,対応表!$C:$C," ") | DZ11: 匈 | EA11: =_xlfn.XLOOKUP(DZ11,対応表!$B:$B,対応表!$C:$C," ") | EB11: 匜 | EC11: =_xlfn.XLOOKUP(EB11,対応表!$B:$B,対応表!$C:$C," ") | ED11: 匰 | EE11: =_xlfn.XLOOKUP(ED11,対応表!$B:$B,対応表!$C:$C," ") -> 特? | EF11: 卄 | EG11: =_xlfn.XLOOKUP(EF11,対応表!$B:$B,対応表!$C:$C," ") | EH11: 単 | EI11: =_xlfn.XLOOKUP(EH11,対応表!$B:$B,対応表!$C:$C," ") | EJ11: 卬 | EK11: =_xlfn.XLOOKUP(EJ11,対応表!$B:$B,対応表!$C:$C," ")
A12: Ｊ | B12: 三 | C12: =_xlfn.XLOOKUP(B12,対応表!$B:$B,対応表!$C:$C," ") -> の | D12: 丝 | E12: {=_xlfn.XLOOKUP(D12,対応表!$B:B,対応表!$C:C," ")} -> り | F12: 丱 | G12: =_xlfn.XLOOKUP(F12,対応表!$B:$B,対応表!$C:$C," ") | H12: 久 | I12: =_xlfn.XLOOKUP(H12,対応表!$B:$B,対応表!$C:$C,"に") -> に | J12: 乙 | K12: =_xlfn.XLOOKUP(J12,対応表!$B:$B,対応表!$C:$C," ") | L12: 乭 | M12: =_xlfn.XLOOKUP(L12,対応表!$B:$B,対応表!$C:$C,"れ") -> れ | N12: 亁 | O12: =_xlfn.XLOOKUP(N12,対応表!$B:$B,対応表!$C:$C," ") | P12: 井 | Q12: =_xlfn.XLOOKUP(P12,対応表!$B:$B,対応表!$C:$C," ") | R12: 亩 | S12: =_xlfn.XLOOKUP(R12,対応表!$B:$B,対応表!$C:$C," ") -> ふ | T12: 亽 | U12: =_xlfn.XLOOKUP(T12,対応表!$B:$B,対応表!$C:$C," ") | V12: 仑 | W12: =_xlfn.XLOOKUP(V12,対応表!$B:$B,対応表!$C:$C," ") -> 異? | X12: 以 | Y12: =_xlfn.XLOOKUP(X12,対応表!$B:$B,対応表!$C:$C," ") | Z12: 仹 | AA12: =_xlfn.XLOOKUP(Z12,対応表!$B:$B,対応表!$C:$C," ") | AB12: 伍 | AC12: =_xlfn.XLOOKUP(AB12,対応表!$B:$B,対応表!$C:$C," ") | AD12: 伡 | AE12: =_xlfn.XLOOKUP(AD12,対応表!$B:$B,対応表!$C:$C," ") | AF12: 伵 | AG12: =_xlfn.XLOOKUP(AF12,対応表!$B:$B,対応表!$C:$C," ") | AH12: 佉 | AI12: =_xlfn.XLOOKUP(AH12,対応表!$B:$B,対応表!$C:$C," ") | AJ12: 佝 | AK12: =_xlfn.XLOOKUP(AJ12,対応表!$B:$B,対応表!$C:$C," ") | AL12: 佱 | AM12: =_xlfn.XLOOKUP(AL12,対応表!$B:$B,対応表!$C:$C,"て") -> て | AN12: 侅 | AO12: =_xlfn.XLOOKUP(AN12,対応表!$B:$B,対応表!$C:$C," ") | AP12: 侙 | AQ12: =_xlfn.XLOOKUP(AP12,対応表!$B:$B,対応表!$C:$C," ") | AR12: 侭 | AS12: =_xlfn.XLOOKUP(AR12,対応表!$B:$B,対応表!$C:$C," ") | AT12: 俁 | AU12: =_xlfn.XLOOKUP(AT12,対応表!$B:$B,対応表!$C:$C," ") | AV12: 俕 | AW12: =_xlfn.XLOOKUP(AV12,対応表!$B:$B,対応表!$C:$C," ") | AX12: 俩 | AY12: =_xlfn.XLOOKUP(AX12,対応表!$B:$B,対応表!$C:$C," ") | AZ12: 俽 | BA12: =_xlfn.XLOOKUP(AZ12,対応表!$B:$B,対応表!$C:$C," ") | BB12: 們 | BC12: =_xlfn.XLOOKUP(BB12,対応表!$B:$B,対応表!$C:$C," ") -> 見 | BD12: 倥 | BE12: =_xlfn.XLOOKUP(BD12,対応表!$B:$B,対応表!$C:$C," ") | BF12: 倹 | BG12: =_xlfn.XLOOKUP(BF12,対応表!$B:$B,対応表!$C:$C," ") | BH12: 偍 | BI12: =_xlfn.XLOOKUP(BH12,対応表!$B:$B,対応表!$C:$C," ") | BJ12: 偡 | BK12: =_xlfn.XLOOKUP(BJ12,対応表!$B:$B,対応表!$C:$C," ") | BL12: 偵 | BM12: =_xlfn.XLOOKUP(BL12,対応表!$B:$B,対応表!$C:$C," ") | BN12: 傉 | BO12: =_xlfn.XLOOKUP(BN12,対応表!$B:$B,対応表!$C:$C," ") | BP12: 傝 | BQ12: =_xlfn.XLOOKUP(BP12,対応表!$B:$B,対応表!$C:$C," ") | BR12: 傱 | BS12: =_xlfn.XLOOKUP(BR12,対応表!$B:$B,対応表!$C:$C," ") | BT12: 僅 | BU12: =_xlfn.XLOOKUP(BT12,対応表!$B:$B,対応表!$C:$C," ") | BV12: 僙 | BW12: =_xlfn.XLOOKUP(BV12,対応表!$B:$B,対応表!$C:$C," ") | BX12: 僭 | BY12: =_xlfn.XLOOKUP(BX12,対応表!$B:$B,対応表!$C:$C," ") -> 最 | BZ12: 儁 | CA12: =_xlfn.XLOOKUP(BZ12,対応表!$B:$B,対応表!$C:$C," ") | CB12: 儕 | CC12: =_xlfn.XLOOKUP(CB12,対応表!$B:$B,対応表!$C:$C," ") | CD12: 儩 | CE12: =_xlfn.XLOOKUP(CD12,対応表!$B:$B,対応表!$C:$C," ") | CF12: 儽 | CG12: =_xlfn.XLOOKUP(CF12,対応表!$B:$B,対応表!$C:$C," ") -> 別? | CH12: 兑 | CI12: =_xlfn.XLOOKUP(CH12,対応表!$B:$B,対応表!$C:$C," ") | CJ12: 入 | CK12: =_xlfn.XLOOKUP(CJ12,対応表!$B:$B,対応表!$C:$C," ") | CL12: 兹 | CM12: =_xlfn.XLOOKUP(CL12,対応表!$B:$B,対応表!$C:$C," ") | CN12: 再 | CO12: =_xlfn.XLOOKUP(CN12,対応表!$B:$B,対応表!$C:$C," ") | CP12: 冡 | CQ12: =_xlfn.XLOOKUP(CP12,対応表!$B:$B,対応表!$C:$C," ") -> 命 | CR12: 况 | CS12: =_xlfn.XLOOKUP(CR12,対応表!$B:$B,対応表!$C:$C," ") | CT12: 凉 | CU12: =_xlfn.XLOOKUP(CT12,対応表!$B:$B,対応表!$C:$C," ") | CV12: 凝 | CW12: =_xlfn.XLOOKUP(CV12,対応表!$B:$B,対応表!$C:$C," ") | CX12: 凱 | CY12: =_xlfn.XLOOKUP(CX12,対応表!$B:$B,対応表!$C:$C," ") | CZ12: 刅 | DA12: =_xlfn.XLOOKUP(CZ12,対応表!$B:$B,対応表!$C:$C," ") | DB12: 则 | DC12: =_xlfn.XLOOKUP(DB12,対応表!$B:$B,対応表!$C:$C," ") | DD12: 刭 | DE12: =_xlfn.XLOOKUP(DD12,対応表!$B:$B,対応表!$C:$C," ") | DF12: 剁 | DG12: =_xlfn.XLOOKUP(DF12,対応表!$B:$B,対応表!$C:$C," ") | DH12: 剕 | DI12: =_xlfn.XLOOKUP(DH12,対応表!$B:$B,対応表!$C:$C," ") | DJ12: 剩 | DK12: =_xlfn.XLOOKUP(DJ12,対応表!$B:$B,対応表!$C:$C," ") | DL12: 剽 | DM12: =_xlfn.XLOOKUP(DL12,対応表!$B:$B,対応表!$C:$C," ") | DN12: 劑 | DO12: =_xlfn.XLOOKUP(DN12,対応表!$B:$B,対応表!$C:$C," ") | DP12: 劥 | DQ12: =_xlfn.XLOOKUP(DP12,対応表!$B:$B,対応表!$C:$C," ") | DR12: 効 | DS12: =_xlfn.XLOOKUP(DR12,対応表!$B:$B,対応表!$C:$C," ") | DT12: 勍 | DU12: =_xlfn.XLOOKUP(DT12,対応表!$B:$B,対応表!$C:$C," ") -> 思 | DV12: 勡 | DW12: =_xlfn.XLOOKUP(DV12,対応表!$B:$B,対応表!$C:$C," ") | DX12: 勵 | DY12: =_xlfn.XLOOKUP(DX12,対応表!$B:$B,対応表!$C:$C," ") -> 限? | DZ12: 匉 | EA12: =_xlfn.XLOOKUP(DZ12,対応表!$B:$B,対応表!$C:$C," ") | EB12: 匝 | EC12: =_xlfn.XLOOKUP(EB12,対応表!$B:$B,対応表!$C:$C," ") | ED12: 匱 | EE12: =_xlfn.XLOOKUP(ED12,対応表!$B:$B,対応表!$C:$C," ") | EF12: 卅 | EG12: =_xlfn.XLOOKUP(EF12,対応表!$B:$B,対応表!$C:$C," ") | EH12: 卙 | EI12: =_xlfn.XLOOKUP(EH12,対応表!$B:$B,対応表!$C:$C," ") | EJ12: 卭 | EK12: =_xlfn.XLOOKUP(EJ12,対応表!$B:$B,対応表!$C:$C," ")
A13: Ｋ | B13: 上 | C13: =_xlfn.XLOOKUP(B13,対応表!$B:$B,対応表!$C:$C,"不") -> 不 | D13: 丞 | E13: {=_xlfn.XLOOKUP(D13,対応表!$B:B,対応表!$C:C," ")} -> 受 | F13: 串 | G13: =_xlfn.XLOOKUP(F13,対応表!$B:$B,対応表!$C:$C," ") | H13: 乆 | I13: =_xlfn.XLOOKUP(H13,対応表!$B:$B,対応表!$C:$C," ") -> 深? | J13: 乚 | K13: =_xlfn.XLOOKUP(J13,対応表!$B:$B,対応表!$C:$C," ") | L13: 乮 | M13: =_xlfn.XLOOKUP(L13,対応表!$B:$B,対応表!$C:$C,"た") -> た | N13: 亂 | O13: =_xlfn.XLOOKUP(N13,対応表!$B:$B,対応表!$C:$C," ") | P13: 亖 | Q13: =_xlfn.XLOOKUP(P13,対応表!$B:$B,対応表!$C:$C," ") | R13: 亪 | S13: =_xlfn.XLOOKUP(R13,対応表!$B:$B,対応表!$C:$C," ") | T13: 亾 | U13: =_xlfn.XLOOKUP(T13,対応表!$B:$B,対応表!$C:$C," ") -> 防? | V13: 仒 | W13: =_xlfn.XLOOKUP(V13,対応表!$B:$B,対応表!$C:$C," ") -> 形 | X13: 仦 | Y13: =_xlfn.XLOOKUP(X13,対応表!$B:$B,対応表!$C:$C," ") | Z13: 仺 | AA13: =_xlfn.XLOOKUP(Z13,対応表!$B:$B,対応表!$C:$C," ") | AB13: 伎 | AC13: =_xlfn.XLOOKUP(AB13,対応表!$B:$B,対応表!$C:$C," ") | AD13: 伢 | AE13: =_xlfn.XLOOKUP(AD13,対応表!$B:$B,対応表!$C:$C," ") | AF13: 伶 | AG13: =_xlfn.XLOOKUP(AF13,対応表!$B:$B,対応表!$C:$C," ") | AH13: 佊 | AI13: =_xlfn.XLOOKUP(AH13,対応表!$B:$B,対応表!$C:$C," ") | AJ13: 佞 | AK13: =_xlfn.XLOOKUP(AJ13,対応表!$B:$B,対応表!$C:$C," ") | AL13: 佲 | AM13: =_xlfn.XLOOKUP(AL13,対応表!$B:$B,対応表!$C:$C," ") -> 食 | AN13: 來 | AO13: =_xlfn.XLOOKUP(AN13,対応表!$B:$B,対応表!$C:$C," ") | AP13: 侚 | AQ13: =_xlfn.XLOOKUP(AP13,対応表!$B:$B,対応表!$C:$C," ") -> 越? | AR13: 侮 | AS13: =_xlfn.XLOOKUP(AR13,対応表!$B:$B,対応表!$C:$C," ") | AT13: 係 | AU13: =_xlfn.XLOOKUP(AT13,対応表!$B:$B,対応表!$C:$C," ") -> 込 | AV13: 俖 | AW13: =_xlfn.XLOOKUP(AV13,対応表!$B:$B,対応表!$C:$C," ") | AX13: 俪 | AY13: =_xlfn.XLOOKUP(AX13,対応表!$B:$B,対応表!$C:$C," ") | AZ13: 俾 | BA13: =_xlfn.XLOOKUP(AZ13,対応表!$B:$B,対応表!$C:$C," ") | BB13: 倒 | BC13: =_xlfn.XLOOKUP(BB13,対応表!$B:$B,対応表!$C:$C," ") | BD13: 倦 | BE13: =_xlfn.XLOOKUP(BD13,対応表!$B:$B,対応表!$C:$C," ") | BF13: 债 | BG13: =_xlfn.XLOOKUP(BF13,対応表!$B:$B,対応表!$C:$C," ") | BH13: 偎 | BI13: =_xlfn.XLOOKUP(BH13,対応表!$B:$B,対応表!$C:$C," ") | BJ13: 偢 | BK13: =_xlfn.XLOOKUP(BJ13,対応表!$B:$B,対応表!$C:$C," ") -> 多 | BL13: 偶 | BM13: =_xlfn.XLOOKUP(BL13,対応表!$B:$B,対応表!$C:$C," ") | BN13: 傊 | BO13: =_xlfn.XLOOKUP(BN13,対応表!$B:$B,対応表!$C:$C," ") | BP13: 傞 | BQ13: =_xlfn.XLOOKUP(BP13,対応表!$B:$B,対応表!$C:$C," ") | BR13: 傲 | BS13: =_xlfn.XLOOKUP(BR13,対応表!$B:$B,対応表!$C:$C," ") | BT13: 僆 | BU13: =_xlfn.XLOOKUP(BT13,対応表!$B:$B,対応表!$C:$C," ") | BV13: 僚 | BW13: =_xlfn.XLOOKUP(BV13,対応表!$B:$B,対応表!$C:$C," ") -> 同? | BX13: 僮 | BY13: =_xlfn.XLOOKUP(BX13,対応表!$B:$B,対応表!$C:$C," ") -> 中 | BZ13: 儂 | CA13: =_xlfn.XLOOKUP(BZ13,対応表!$B:$B,対応表!$C:$C," ") | CB13: 儖 | CC13: =_xlfn.XLOOKUP(CB13,対応表!$B:$B,対応表!$C:$C," ") | CD13: 優 | CE13: =_xlfn.XLOOKUP(CD13,対応表!$B:$B,対応表!$C:$C," ") | CF13: 儾 | CG13: =_xlfn.XLOOKUP(CF13,対応表!$B:$B,対応表!$C:$C,"が") -> が | CH13: 兒 | CI13: =_xlfn.XLOOKUP(CH13,対応表!$B:$B,対応表!$C:$C," ") | CJ13: 兦 | CK13: =_xlfn.XLOOKUP(CJ13,対応表!$B:$B,対応表!$C:$C," ") | CL13: 兺 | CM13: =_xlfn.XLOOKUP(CL13,対応表!$B:$B,対応表!$C:$C," ") | CN13: 冎 | CO13: =_xlfn.XLOOKUP(CN13,対応表!$B:$B,対応表!$C:$C," ") | CP13: 冢 | CQ13: =_xlfn.XLOOKUP(CP13,対応表!$B:$B,対応表!$C:$C,"を") -> を | CR13: 冶 | CS13: =_xlfn.XLOOKUP(CR13,対応表!$B:$B,対応表!$C:$C," ") | CT13: 凊 | CU13: =_xlfn.XLOOKUP(CT13,対応表!$B:$B,対応表!$C:$C," ") | CV13: 凞 | CW13: =_xlfn.XLOOKUP(CV13,対応表!$B:$B,対応表!$C:$C," ") | CX13: 凲 | CY13: =_xlfn.XLOOKUP(CX13,対応表!$B:$B,対応表!$C:$C," ") | CZ13: 分 | DA13: =_xlfn.XLOOKUP(CZ13,対応表!$B:$B,対応表!$C:$C," ") | DB13: 刚 | DC13: =_xlfn.XLOOKUP(DB13,対応表!$B:$B,対応表!$C:$C," ") | DD13: 刮 | DE13: =_xlfn.XLOOKUP(DD13,対応表!$B:$B,対応表!$C:$C," ") | DF13: 剂 | DG13: =_xlfn.XLOOKUP(DF13,対応表!$B:$B,対応表!$C:$C," ") | DH13: 剖 | DI13: =_xlfn.XLOOKUP(DH13,対応表!$B:$B,対応表!$C:$C," ") | DJ13: 剪 | DK13: =_xlfn.XLOOKUP(DJ13,対応表!$B:$B,対応表!$C:$C," ") -> 子 | DL13: 剾 | DM13: =_xlfn.XLOOKUP(DL13,対応表!$B:$B,対応表!$C:$C," ") | DN13: 劒 | DO13: =_xlfn.XLOOKUP(DN13,対応表!$B:$B,対応表!$C:$C," ") | DP13: 劦 | DQ13: =_xlfn.XLOOKUP(DP13,対応表!$B:$B,対応表!$C:$C," ") | DR13: 劺 | DS13: =_xlfn.XLOOKUP(DR13,対応表!$B:$B,対応表!$C:$C," ") | DT13: 勎 | DU13: =_xlfn.XLOOKUP(DT13,対応表!$B:$B,対応表!$C:$C," ") | DV13: 勢 | DW13: =_xlfn.XLOOKUP(DV13,対応表!$B:$B,対応表!$C:$C," ") -> 兆? | DX13: 勶 | DY13: =_xlfn.XLOOKUP(DX13,対応表!$B:$B,対応表!$C:$C," ") | DZ13: 匊 | EA13: =_xlfn.XLOOKUP(DZ13,対応表!$B:$B,対応表!$C:$C," ") | EB13: 匞 | EC13: =_xlfn.XLOOKUP(EB13,対応表!$B:$B,対応表!$C:$C," ") | ED13: 匲 | EE13: =_xlfn.XLOOKUP(ED13,対応表!$B:$B,対応表!$C:$C," ") | EF13: 卆 | EG13: =_xlfn.XLOOKUP(EF13,対応表!$B:$B,対応表!$C:$C," ") | EH13: 博 | EI13: =_xlfn.XLOOKUP(EH13,対応表!$B:$B,対応表!$C:$C," ") | EJ13: 卮 | EK13: =_xlfn.XLOOKUP(EJ13,対応表!$B:$B,対応表!$C:$C," ")
A14: Ｌ | B14: 下 | C14: =_xlfn.XLOOKUP(B14,対応表!$B:$B,対応表!$C:$C," ") -> 確? | D14: 丟 | E14: {=_xlfn.XLOOKUP(D14,対応表!$B:B,対応表!$C:C," ")} -> け | F14: 丳 | G14: =_xlfn.XLOOKUP(F14,対応表!$B:$B,対応表!$C:$C," ") | H14: 乇 | I14: =_xlfn.XLOOKUP(H14,対応表!$B:$B,対応表!$C:$C," ") -> く | J14: 乛 | K14: =_xlfn.XLOOKUP(J14,対応表!$B:$B,対応表!$C:$C," ") -> と | L14: 乯 | M14: =_xlfn.XLOOKUP(L14,対応表!$B:$B,対応表!$C:$C," ") -> だ | N14: 亃 | O14: =_xlfn.XLOOKUP(N14,対応表!$B:$B,対応表!$C:$C," ") -> そ | P14: 亗 | Q14: =_xlfn.XLOOKUP(P14,対応表!$B:$B,対応表!$C:$C," ") | R14: 享 | S14: =_xlfn.XLOOKUP(R14,対応表!$B:$B,対応表!$C:$C," ") | T14: 亿 | U14: =_xlfn.XLOOKUP(T14,対応表!$B:$B,対応表!$C:$C," ") | V14: 仓 | W14: =_xlfn.XLOOKUP(V14,対応表!$B:$B,対応表!$C:$C," ") | X14: 仧 | Y14: =_xlfn.XLOOKUP(X14,対応表!$B:$B,対応表!$C:$C," ") | Z14: 任 | AA14: =_xlfn.XLOOKUP(Z14,対応表!$B:$B,対応表!$C:$C," ") | AB14: 伏 | AC14: =_xlfn.XLOOKUP(AB14,対応表!$B:$B,対応表!$C:$C," ") -> 街 | AD14: 伣 | AE14: =_xlfn.XLOOKUP(AD14,対応表!$B:$B,対応表!$C:$C," ") | AF14: 伷 | AG14: =_xlfn.XLOOKUP(AF14,対応表!$B:$B,対応表!$C:$C," ") | AH14: 佋 | AI14: =_xlfn.XLOOKUP(AH14,対応表!$B:$B,対応表!$C:$C," ") -> 自 | AJ14: 佟 | AK14: =_xlfn.XLOOKUP(AJ14,対応表!$B:$B,対応表!$C:$C," ") -> 空 | AL14: 佳 | AM14: =_xlfn.XLOOKUP(AL14,対応表!$B:$B,対応表!$C:$C," ") -> 事 | AN14: 侇 | AO14: =_xlfn.XLOOKUP(AN14,対応表!$B:$B,対応表!$C:$C," ") | AP14: 供 | AQ14: =_xlfn.XLOOKUP(AP14,対応表!$B:$B,対応表!$C:$C," ") | AR14: 侯 | AS14: =_xlfn.XLOOKUP(AR14,対応表!$B:$B,対応表!$C:$C," ") | AT14: 促 | AU14: =_xlfn.XLOOKUP(AT14,対応表!$B:$B,対応表!$C:$C," ") | AV14: 俗 | AW14: =_xlfn.XLOOKUP(AV14,対応表!$B:$B,対応表!$C:$C," ") | AX14: 俫 | AY14: =_xlfn.XLOOKUP(AX14,対応表!$B:$B,対応表!$C:$C," ") | AZ14: 俿 | BA14: =_xlfn.XLOOKUP(AZ14,対応表!$B:$B,対応表!$C:$C," ") | BB14: 倓 | BC14: =_xlfn.XLOOKUP(BB14,対応表!$B:$B,対応表!$C:$C," ") | BD14: 倧 | BE14: =_xlfn.XLOOKUP(BD14,対応表!$B:$B,対応表!$C:$C," ") | BF14: 倻 | BG14: =_xlfn.XLOOKUP(BF14,対応表!$B:$B,対応表!$C:$C," ") | BH14: 偏 | BI14: =_xlfn.XLOOKUP(BH14,対応表!$B:$B,対応表!$C:$C," ") | BJ14: 偣 | BK14: =_xlfn.XLOOKUP(BJ14,対応表!$B:$B,対応表!$C:$C," ") | BL14: 偷 | BM14: =_xlfn.XLOOKUP(BL14,対応表!$B:$B,対応表!$C:$C," ") | BN14: 傋 | BO14: =_xlfn.XLOOKUP(BN14,対応表!$B:$B,対応表!$C:$C," ") | BP14: 傟 | BQ14: =_xlfn.XLOOKUP(BP14,対応表!$B:$B,対応表!$C:$C," ") -> 相 | BR14: 傳 | BS14: =_xlfn.XLOOKUP(BR14,対応表!$B:$B,対応表!$C:$C," ") | BT14: 僇 | BU14: =_xlfn.XLOOKUP(BT14,対応表!$B:$B,対応表!$C:$C," ") | BV14: 僛 | BW14: =_xlfn.XLOOKUP(BV14,対応表!$B:$B,対応表!$C:$C," ") | BX14: 僯 | BY14: =_xlfn.XLOOKUP(BX14,対応表!$B:$B,対応表!$C:$C," ") | BZ14: 儃 | CA14: =_xlfn.XLOOKUP(BZ14,対応表!$B:$B,対応表!$C:$C," ") | CB14: 儗 | CC14: =_xlfn.XLOOKUP(CB14,対応表!$B:$B,対応表!$C:$C," ") | CD14: 儫 | CE14: =_xlfn.XLOOKUP(CD14,対応表!$B:$B,対応表!$C:$C," ") | CF14: 儿 | CG14: =_xlfn.XLOOKUP(CF14,対応表!$B:$B,対応表!$C:$C," ") -> 存 | CH14: 兓 | CI14: =_xlfn.XLOOKUP(CH14,対応表!$B:$B,対応表!$C:$C," ") | CJ14: 內 | CK14: =_xlfn.XLOOKUP(CJ14,対応表!$B:$B,対応表!$C:$C," ") | CL14: 养 | CM14: =_xlfn.XLOOKUP(CL14,対応表!$B:$B,対応表!$C:$C," ") | CN14: 冏 | CO14: =_xlfn.XLOOKUP(CN14,対応表!$B:$B,対応表!$C:$C," ") | CP14: 冣 | CQ14: =_xlfn.XLOOKUP(CP14,対応表!$B:$B,対応表!$C:$C," ") -> 大 | CR14: 冷 | CS14: =_xlfn.XLOOKUP(CR14,対応表!$B:$B,対応表!$C:$C," ") | CT14: 凋 | CU14: =_xlfn.XLOOKUP(CT14,対応表!$B:$B,対応表!$C:$C," ") -> ぴ | CV14: 凟 | CW14: =_xlfn.XLOOKUP(CV14,対応表!$B:$B,対応表!$C:$C," ") | CX14: 凳 | CY14: =_xlfn.XLOOKUP(CX14,対応表!$B:$B,対応表!$C:$C," ") -> 続 | CZ14: 切 | DA14: =_xlfn.XLOOKUP(CZ14,対応表!$B:$B,対応表!$C:$C," ") | DB14: 创 | DC14: =_xlfn.XLOOKUP(DB14,対応表!$B:$B,対応表!$C:$C," ") | DD14: 刯 | DE14: =_xlfn.XLOOKUP(DD14,対応表!$B:$B,対応表!$C:$C," ") | DF14: 剃 | DG14: =_xlfn.XLOOKUP(DF14,対応表!$B:$B,対応表!$C:$C," ") -> 清 | DH14: 剗 | DI14: =_xlfn.XLOOKUP(DH14,対応表!$B:$B,対応表!$C:$C," ") | DJ14: 剫 | DK14: =_xlfn.XLOOKUP(DJ14,対応表!$B:$B,対応表!$C:$C," ") | DL14: 剿 | DM14: =_xlfn.XLOOKUP(DL14,対応表!$B:$B,対応表!$C:$C," ") | DN14: 劓 | DO14: =_xlfn.XLOOKUP(DN14,対応表!$B:$B,対応表!$C:$C," ") | DP14: 劧 | DQ14: =_xlfn.XLOOKUP(DP14,対応表!$B:$B,対応表!$C:$C," ") | DR14: 劻 | DS14: =_xlfn.XLOOKUP(DR14,対応表!$B:$B,対応表!$C:$C," ") | DT14: 勏 | DU14: =_xlfn.XLOOKUP(DT14,対応表!$B:$B,対応表!$C:$C," ") | DV14: 勣 | DW14: =_xlfn.XLOOKUP(DV14,対応表!$B:$B,対応表!$C:$C," ") | DX14: 勷 | DY14: =_xlfn.XLOOKUP(DX14,対応表!$B:$B,対応表!$C:$C," ") | DZ14: 匋 | EA14: =_xlfn.XLOOKUP(DZ14,対応表!$B:$B,対応表!$C:$C," ") | EB14: 匟 | EC14: =_xlfn.XLOOKUP(EB14,対応表!$B:$B,対応表!$C:$C," ") | ED14: 匳 | EE14: =_xlfn.XLOOKUP(ED14,対応表!$B:$B,対応表!$C:$C," ") | EF14: 升 | EG14: =_xlfn.XLOOKUP(EF14,対応表!$B:$B,対応表!$C:$C," ") | EH14: 卛 | EI14: =_xlfn.XLOOKUP(EH14,対応表!$B:$B,対応表!$C:$C," ") | EJ14: 卯 | EK14: =_xlfn.XLOOKUP(EJ14,対応表!$B:$B,対応表!$C:$C," ")
A15: Ｍ | B15: 丌 | C15: =_xlfn.XLOOKUP(B15,対応表!$B:$B,対応表!$C:$C," ") -> か | D15: 丠 | E15: {=_xlfn.XLOOKUP(D15,対応表!$B:B,対応表!$C:C,"継")} -> 継? | F15: 临 | G15: =_xlfn.XLOOKUP(F15,対応表!$B:$B,対応表!$C:$C," ") -> ほ | H15: 么 | I15: =_xlfn.XLOOKUP(H15,対応表!$B:$B,対応表!$C:$C," ") | J15: 乜 | K15: =_xlfn.XLOOKUP(J15,対応表!$B:$B,対応表!$C:$C," ") | L15: 买 | M15: =_xlfn.XLOOKUP(L15,対応表!$B:$B,対応表!$C:$C," ") -> ろ | N15: 亄 | O15: =_xlfn.XLOOKUP(N15,対応表!$B:$B,対応表!$C:$C," ") | P15: 亘 | Q15: =_xlfn.XLOOKUP(P15,対応表!$B:$B,対応表!$C:$C," ") -> [亘]? | R15: 京 | S15: =_xlfn.XLOOKUP(R15,対応表!$B:$B,対応表!$C:$C," ") | T15: 什 | U15: =_xlfn.XLOOKUP(T15,対応表!$B:$B,対応表!$C:$C," ") -> 地 | V15: 仔 | W15: =_xlfn.XLOOKUP(V15,対応表!$B:$B,対応表!$C:$C," ") | X15: 仨 | Y15: =_xlfn.XLOOKUP(X15,対応表!$B:$B,対応表!$C:$C," ") | Z15: 仼 | AA15: =_xlfn.XLOOKUP(Z15,対応表!$B:$B,対応表!$C:$C," ") | AB15: 伐 | AC15: =_xlfn.XLOOKUP(AB15,対応表!$B:$B,対応表!$C:$C," ") | AD15: 伤 | AE15: =_xlfn.XLOOKUP(AD15,対応表!$B:$B,対応表!$C:$C," ") | AF15: 伸 | AG15: =_xlfn.XLOOKUP(AF15,対応表!$B:$B,対応表!$C:$C," ") -> て | AH15: 佌 | AI15: =_xlfn.XLOOKUP(AH15,対応表!$B:$B,対応表!$C:$C," ") | AJ15: 你 | AK15: =_xlfn.XLOOKUP(AJ15,対応表!$B:$B,対応表!$C:$C," ") | AL15: 佴 | AM15: =_xlfn.XLOOKUP(AL15,対応表!$B:$B,対応表!$C:$C," ") | AN15: 侈 | AO15: =_xlfn.XLOOKUP(AN15,対応表!$B:$B,対応表!$C:$C," ") | AP15: 侜 | AQ15: =_xlfn.XLOOKUP(AP15,対応表!$B:$B,対応表!$C:$C," ") | AR15: 侰 | AS15: =_xlfn.XLOOKUP(AR15,対応表!$B:$B,対応表!$C:$C," ") | AT15: 俄 | AU15: =_xlfn.XLOOKUP(AT15,対応表!$B:$B,対応表!$C:$C," ") | AV15: 俘 | AW15: =_xlfn.XLOOKUP(AV15,対応表!$B:$B,対応表!$C:$C," ") | AX15: 俬 | AY15: =_xlfn.XLOOKUP(AX15,対応表!$B:$B,対応表!$C:$C," ") -> ゃ | AZ15: 倀 | BA15: =_xlfn.XLOOKUP(AZ15,対応表!$B:$B,対応表!$C:$C," ") | BB15: 倔 | BC15: =_xlfn.XLOOKUP(BB15,対応表!$B:$B,対応表!$C:$C," ") | BD15: 倨 | BE15: =_xlfn.XLOOKUP(BD15,対応表!$B:$B,対応表!$C:$C," ") -> ぺ | BF15: 值 | BG15: =_xlfn.XLOOKUP(BF15,対応表!$B:$B,対応表!$C:$C," ") | BH15: 偐 | BI15: =_xlfn.XLOOKUP(BH15,対応表!$B:$B,対応表!$C:$C," ") | BJ15: 偤 | BK15: =_xlfn.XLOOKUP(BJ15,対応表!$B:$B,対応表!$C:$C," ") | BL15: 偸 | BM15: =_xlfn.XLOOKUP(BL15,対応表!$B:$B,対応表!$C:$C," ") | BN15: 傌 | BO15: =_xlfn.XLOOKUP(BN15,対応表!$B:$B,対応表!$C:$C," ") | BP15: 傠 | BQ15: =_xlfn.XLOOKUP(BP15,対応表!$B:$B,対応表!$C:$C," ") -> 手 | BR15: 傴 | BS15: =_xlfn.XLOOKUP(BR15,対応表!$B:$B,対応表!$C:$C," ") | BT15: 僈 | BU15: =_xlfn.XLOOKUP(BT15,対応表!$B:$B,対応表!$C:$C," ") | BV15: 僜 | BW15: =_xlfn.XLOOKUP(BV15,対応表!$B:$B,対応表!$C:$C," ") | BX15: 僰 | BY15: =_xlfn.XLOOKUP(BX15,対応表!$B:$B,対応表!$C:$C," ") | BZ15: 億 | CA15: =_xlfn.XLOOKUP(BZ15,対応表!$B:$B,対応表!$C:$C," ") | CB15: 儘 | CC15: =_xlfn.XLOOKUP(CB15,対応表!$B:$B,対応表!$C:$C," ") | CD15: 儬 | CE15: =_xlfn.XLOOKUP(CD15,対応表!$B:$B,対応表!$C:$C," ") | CF15: 兀 | CG15: =_xlfn.XLOOKUP(CF15,対応表!$B:$B,対応表!$C:$C,"在") -> 在 | CH15: 兔 | CI15: =_xlfn.XLOOKUP(CH15,対応表!$B:$B,対応表!$C:$C," ") | CJ15: 全 | CK15: =_xlfn.XLOOKUP(CJ15,対応表!$B:$B,対応表!$C:$C," ") | CL15: 兼 | CM15: =_xlfn.XLOOKUP(CL15,対応表!$B:$B,対応表!$C:$C," ") | CN15: 冐 | CO15: =_xlfn.XLOOKUP(CN15,対応表!$B:$B,対応表!$C:$C," ") | CP15: 冤 | CQ15: =_xlfn.XLOOKUP(CP15,対応表!$B:$B,対応表!$C:$C," ") -> 切 | CR15: 冸 | CS15: =_xlfn.XLOOKUP(CR15,対応表!$B:$B,対応表!$C:$C," ") | CT15: 凌 | CU15: =_xlfn.XLOOKUP(CT15,対応表!$B:$B,対応表!$C:$C," ") | CV15: 几 | CW15: =_xlfn.XLOOKUP(CV15,対応表!$B:$B,対応表!$C:$C," ") | CX15: 凴 | CY15: =_xlfn.XLOOKUP(CX15,対応表!$B:$B,対応表!$C:$C," ") | CZ15: 刈 | DA15: =_xlfn.XLOOKUP(CZ15,対応表!$B:$B,対応表!$C:$C," ") | DB15: 刜 | DC15: =_xlfn.XLOOKUP(DB15,対応表!$B:$B,対応表!$C:$C," ") | DD15: 到 | DE15: =_xlfn.XLOOKUP(DD15,対応表!$B:$B,対応表!$C:$C," ") | DF15: 剄 | DG15: =_xlfn.XLOOKUP(DF15,対応表!$B:$B,対応表!$C:$C," ") | DH15: 剘 | DI15: =_xlfn.XLOOKUP(DH15,対応表!$B:$B,対応表!$C:$C," ") | DJ15: 剬 | DK15: =_xlfn.XLOOKUP(DJ15,対応表!$B:$B,対応表!$C:$C," ") -> 初 | DL15: 劀 | DM15: =_xlfn.XLOOKUP(DL15,対応表!$B:$B,対応表!$C:$C," ") | DN15: 劔 | DO15: =_xlfn.XLOOKUP(DN15,対応表!$B:$B,対応表!$C:$C," ") | DP15: 动 | DQ15: =_xlfn.XLOOKUP(DP15,対応表!$B:$B,対応表!$C:$C," ") | DR15: 劼 | DS15: =_xlfn.XLOOKUP(DR15,対応表!$B:$B,対応表!$C:$C," ") | DT15: 勐 | DU15: =_xlfn.XLOOKUP(DT15,対応表!$B:$B,対応表!$C:$C," ") | DV15: 勤 | DW15: =_xlfn.XLOOKUP(DV15,対応表!$B:$B,対応表!$C:$C," ") | DX15: 勸 | DY15: =_xlfn.XLOOKUP(DX15,対応表!$B:$B,対応表!$C:$C," ") | DZ15: 匌 | EA15: =_xlfn.XLOOKUP(DZ15,対応表!$B:$B,対応表!$C:$C," ") | EB15: 匠 | EC15: =_xlfn.XLOOKUP(EB15,対応表!$B:$B,対応表!$C:$C," ") | ED15: 匴 | EE15: =_xlfn.XLOOKUP(ED15,対応表!$B:$B,対応表!$C:$C," ") | EF15: 午 | EG15: =_xlfn.XLOOKUP(EF15,対応表!$B:$B,対応表!$C:$C," ") | EH15: 卜 | EI15: =_xlfn.XLOOKUP(EH15,対応表!$B:$B,対応表!$C:$C," ") | EJ15: 印 | EK15: =_xlfn.XLOOKUP(EJ15,対応表!$B:$B,対応表!$C:$C," ")
A16: Ｎ | B16: 不 | C16: =_xlfn.XLOOKUP(B16,対応表!$B:$B,対応表!$C:$C," ") -> な | D16: 両 | E16: {=_xlfn.XLOOKUP(D16,対応表!$B:B,対応表!$C:C," ")} -> が | F16: 丵 | G16: =_xlfn.XLOOKUP(F16,対応表!$B:$B,対応表!$C:$C," ") | H16: 义 | I16: =_xlfn.XLOOKUP(H16,対応表!$B:$B,対応表!$C:$C," ") -> げ | J16: 九 | K16: =_xlfn.XLOOKUP(J16,対応表!$B:$B,対応表!$C:$C," ") | L16: 乱 | M16: =_xlfn.XLOOKUP(L16,対応表!$B:$B,対応表!$C:$C," ") -> う | N16: 亅 | O16: =_xlfn.XLOOKUP(N16,対応表!$B:$B,対応表!$C:$C," ") | P16: 亙 | Q16: =_xlfn.XLOOKUP(P16,対応表!$B:$B,対応表!$C:$C," ") | R16: 亭 | S16: =_xlfn.XLOOKUP(R16,対応表!$B:$B,対応表!$C:$C," ") | T16: 仁 | U16: =_xlfn.XLOOKUP(T16,対応表!$B:$B,対応表!$C:$C," ") -> へ | V16: 仕 | W16: =_xlfn.XLOOKUP(V16,対応表!$B:$B,対応表!$C:$C," ") | X16: 仩 | Y16: =_xlfn.XLOOKUP(X16,対応表!$B:$B,対応表!$C:$C," ") -> 親? | Z16: 份 | AA16: =_xlfn.XLOOKUP(Z16,対応表!$B:$B,対応表!$C:$C," ") | AB16: 休 | AC16: =_xlfn.XLOOKUP(AB16,対応表!$B:$B,対応表!$C:$C," ") | AD16: 伥 | AE16: =_xlfn.XLOOKUP(AD16,対応表!$B:$B,対応表!$C:$C," ") -> よ | AF16: 伹 | AG16: =_xlfn.XLOOKUP(AF16,対応表!$B:$B,対応表!$C:$C," ") | AH16: 位 | AI16: =_xlfn.XLOOKUP(AH16,対応表!$B:$B,対応表!$C:$C," ") | AJ16: 佡 | AK16: =_xlfn.XLOOKUP(AJ16,対応表!$B:$B,対応表!$C:$C," ") | AL16: 併 | AM16: =_xlfn.XLOOKUP(AL16,対応表!$B:$B,対応表!$C:$C," ") | AN16: 侉 | AO16: =_xlfn.XLOOKUP(AN16,対応表!$B:$B,対応表!$C:$C," ") | AP16: 依 | AQ16: =_xlfn.XLOOKUP(AP16,対応表!$B:$B,対応表!$C:$C," ") | AR16: 侱 | AS16: =_xlfn.XLOOKUP(AR16,対応表!$B:$B,対応表!$C:$C," ") -> 難? | AT16: 俅 | AU16: =_xlfn.XLOOKUP(AT16,対応表!$B:$B,対応表!$C:$C," ") | AV16: 俙 | AW16: =_xlfn.XLOOKUP(AV16,対応表!$B:$B,対応表!$C:$C," ") | AX16: 俭 | AY16: =_xlfn.XLOOKUP(AX16,対応表!$B:$B,対応表!$C:$C," ") | AZ16: 倁 | BA16: =_xlfn.XLOOKUP(AZ16,対応表!$B:$B,対応表!$C:$C," ") | BB16: 倕 | BC16: =_xlfn.XLOOKUP(BB16,対応表!$B:$B,対応表!$C:$C," ") | BD16: 倩 | BE16: =_xlfn.XLOOKUP(BD16,対応表!$B:$B,対応表!$C:$C," ") | BF16: 倽 | BG16: =_xlfn.XLOOKUP(BF16,対応表!$B:$B,対応表!$C:$C," ") -> 対 | BH16: 偑 | BI16: =_xlfn.XLOOKUP(BH16,対応表!$B:$B,対応表!$C:$C," ") | BJ16: 健 | BK16: =_xlfn.XLOOKUP(BJ16,対応表!$B:$B,対応表!$C:$C," ") | BL16: 偹 | BM16: =_xlfn.XLOOKUP(BL16,対応表!$B:$B,対応表!$C:$C," ") | BN16: 傌 | BO16: =_xlfn.XLOOKUP(BN16,対応表!$B:$B,対応表!$C:$C," ") | BP16: 傡 | BQ16: =_xlfn.XLOOKUP(BP16,対応表!$B:$B,対応表!$C:$C," ") | BR16: 債 | BS16: =_xlfn.XLOOKUP(BR16,対応表!$B:$B,対応表!$C:$C," ") | BT16: 僉 | BU16: =_xlfn.XLOOKUP(BT16,対応表!$B:$B,対応表!$C:$C," ") | BV16: 僝 | BW16: =_xlfn.XLOOKUP(BV16,対応表!$B:$B,対応表!$C:$C," ") | BX16: 僱 | BY16: =_xlfn.XLOOKUP(BX16,対応表!$B:$B,対応表!$C:$C," ") | BZ16: 儅 | CA16: =_xlfn.XLOOKUP(BZ16,対応表!$B:$B,対応表!$C:$C," ") | CB16: 儙 | CC16: =_xlfn.XLOOKUP(CB16,対応表!$B:$B,対応表!$C:$C," ") | CD16: 儭 | CE16: =_xlfn.XLOOKUP(CD16,対応表!$B:$B,対応表!$C:$C," ") | CF16: 允 | CG16: =_xlfn.XLOOKUP(CF16,対応表!$B:$B,対応表!$C:$C," ") | CH16: 兕 | CI16: =_xlfn.XLOOKUP(CH16,対応表!$B:$B,対応表!$C:$C," ") | CJ16: 兩 | CK16: =_xlfn.XLOOKUP(CJ16,対応表!$B:$B,対応表!$C:$C," ") | CL16: 兽 | CM16: =_xlfn.XLOOKUP(CL16,対応表!$B:$B,対応表!$C:$C," ") | CN16: 冑 | CO16: =_xlfn.XLOOKUP(CN16,対応表!$B:$B,対応表!$C:$C," ") | CP16: 冥 | CQ16: =_xlfn.XLOOKUP(CP16,対応表!$B:$B,対応表!$C:$C,"に") -> に | CR16: 冹 | CS16: =_xlfn.XLOOKUP(CR16,対応表!$B:$B,対応表!$C:$C," ") -> 苦? | CT16: 凍 | CU16: =_xlfn.XLOOKUP(CT16,対応表!$B:$B,対応表!$C:$C," ") | CV16: 凡 | CW16: =_xlfn.XLOOKUP(CV16,対応表!$B:$B,対応表!$C:$C," ") | CX16: 凵 | CY16: =_xlfn.XLOOKUP(CX16,対応表!$B:$B,対応表!$C:$C," ") | CZ16: 刉 | DA16: =_xlfn.XLOOKUP(CZ16,対応表!$B:$B,対応表!$C:$C," ") | DB16: 初 | DC16: =_xlfn.XLOOKUP(DB16,対応表!$B:$B,対応表!$C:$C," ") | DD16: 刱 | DE16: =_xlfn.XLOOKUP(DD16,対応表!$B:$B,対応表!$C:$C," ") -> 罪 | DF16: 剅 | DG16: =_xlfn.XLOOKUP(DF16,対応表!$B:$B,対応表!$C:$C," ") | DH16: 剙 | DI16: =_xlfn.XLOOKUP(DH16,対応表!$B:$B,対応表!$C:$C," ") -> 味 | DJ16: 剭 | DK16: =_xlfn.XLOOKUP(DJ16,対応表!$B:$B,対応表!$C:$C," ") | DL16: 劁 | DM16: =_xlfn.XLOOKUP(DL16,対応表!$B:$B,対応表!$C:$C," ") | DN16: 劕 | DO16: =_xlfn.XLOOKUP(DN16,対応表!$B:$B,対応表!$C:$C," ") | DP16: 助 | DQ16: =_xlfn.XLOOKUP(DP16,対応表!$B:$B,対応表!$C:$C," ") | DR16: 劽 | DS16: =_xlfn.XLOOKUP(DR16,対応表!$B:$B,対応表!$C:$C," ") | DT16: 勑 | DU16: =_xlfn.XLOOKUP(DT16,対応表!$B:$B,対応表!$C:$C," ") | DV16: 勥 | DW16: =_xlfn.XLOOKUP(DV16,対応表!$B:$B,対応表!$C:$C," ") | DX16: 勹 | DY16: =_xlfn.XLOOKUP(DX16,対応表!$B:$B,対応表!$C:$C," ") | DZ16: 匍 | EA16: =_xlfn.XLOOKUP(DZ16,対応表!$B:$B,対応表!$C:$C," ") | EB16: 匡 | EC16: =_xlfn.XLOOKUP(EB16,対応表!$B:$B,対応表!$C:$C," ") | ED16: 匵 | EE16: =_xlfn.XLOOKUP(ED16,対応表!$B:$B,対応表!$C:$C," ") -> 備 | EF16: 卉 | EG16: =_xlfn.XLOOKUP(EF16,対応表!$B:$B,対応表!$C:$C," ") | EH16: 卝 | EI16: =_xlfn.XLOOKUP(EH16,対応表!$B:$B,対応表!$C:$C," ") | EJ16: 危 | EK16: =_xlfn.XLOOKUP(EJ16,対応表!$B:$B,対応表!$C:$C," ")
A17: Ｏ | B17: 与 | C17: =_xlfn.XLOOKUP(B17,対応表!$B:$B,対応表!$C:$C," ") -> 場 | D17: 丢 | E17: {=_xlfn.XLOOKUP(D17,対応表!$B:B,対応表!$C:C," ")} -> れ | F17: 丶 | G17: =_xlfn.XLOOKUP(F17,対応表!$B:$B,対応表!$C:$C," ") | H17: 乊 | I17: =_xlfn.XLOOKUP(H17,対応表!$B:$B,対応表!$C:$C,"隅") -> 隅 | J17: 乞 | K17: =_xlfn.XLOOKUP(J17,対応表!$B:$B,対応表!$C:$C," ") | L17: 乲 | M17: =_xlfn.XLOOKUP(L17,対応表!$B:$B,対応表!$C:$C,"。") -> 。 | N17: 了 | O17: =_xlfn.XLOOKUP(N17,対応表!$B:$B,対応表!$C:$C," ") -> 急 | P17: 亚 | Q17: =_xlfn.XLOOKUP(P17,対応表!$B:$B,対応表!$C:$C," ") | R17: 亮 | S17: =_xlfn.XLOOKUP(R17,対応表!$B:$B,対応表!$C:$C," ") | T17: 仂 | U17: =_xlfn.XLOOKUP(T17,対応表!$B:$B,対応表!$C:$C," ") -> 消? | V17: 他 | W17: =_xlfn.XLOOKUP(V17,対応表!$B:$B,対応表!$C:$C," ") | X17: 仪 | Y17: =_xlfn.XLOOKUP(X17,対応表!$B:$B,対応表!$C:$C," ") | Z17: 仾 | AA17: =_xlfn.XLOOKUP(Z17,対応表!$B:$B,対応表!$C:$C," ") | AB17: 伒 | AC17: =_xlfn.XLOOKUP(AB17,対応表!$B:$B,対応表!$C:$C," ") | AD17: 伦 | AE17: =_xlfn.XLOOKUP(AD17,対応表!$B:$B,対応表!$C:$C," ") | AF17: 伺 | AG17: =_xlfn.XLOOKUP(AF17,対応表!$B:$B,対応表!$C:$C," ") | AH17: 低 | AI17: =_xlfn.XLOOKUP(AH17,対応表!$B:$B,対応表!$C:$C," ") | AJ17: 佢 | AK17: =_xlfn.XLOOKUP(AJ17,対応表!$B:$B,対応表!$C:$C," ") | AL17: 佶 | AM17: =_xlfn.XLOOKUP(AL17,対応表!$B:$B,対応表!$C:$C," ") | AN17: 侊 | AO17: =_xlfn.XLOOKUP(AN17,対応表!$B:$B,対応表!$C:$C," ") | AP17: 侞 | AQ17: =_xlfn.XLOOKUP(AP17,対応表!$B:$B,対応表!$C:$C," ") | AR17: 侲 | AS17: =_xlfn.XLOOKUP(AR17,対応表!$B:$B,対応表!$C:$C," ") | AT17: 俆 | AU17: =_xlfn.XLOOKUP(AT17,対応表!$B:$B,対応表!$C:$C," ") | AV17: 俚 | AW17: =_xlfn.XLOOKUP(AV17,対応表!$B:$B,対応表!$C:$C," ") -> [俚]? | AX17: 修 | AY17: =_xlfn.XLOOKUP(AX17,対応表!$B:$B,対応表!$C:$C," ") | AZ17: 倂 | BA17: =_xlfn.XLOOKUP(AZ17,対応表!$B:$B,対応表!$C:$C," ") -> [倂]? | BB17: 倖 | BC17: =_xlfn.XLOOKUP(BB17,対応表!$B:$B,対応表!$C:$C," ") | BD17: 倪 | BE17: =_xlfn.XLOOKUP(BD17,対応表!$B:$B,対応表!$C:$C," ") | BF17: 倾 | BG17: =_xlfn.XLOOKUP(BF17,対応表!$B:$B,対応表!$C:$C," ") -> 人 | BH17: 偒 | BI17: =_xlfn.XLOOKUP(BH17,対応表!$B:$B,対応表!$C:$C," ") | BJ17: 偦 | BK17: =_xlfn.XLOOKUP(BJ17,対応表!$B:$B,対応表!$C:$C," ") | BL17: 偺 | BM17: =_xlfn.XLOOKUP(BL17,対応表!$B:$B,対応表!$C:$C," ") -> 行 | BN17: 傎 | BO17: =_xlfn.XLOOKUP(BN17,対応表!$B:$B,対応表!$C:$C," ") -> 奥? | BP17: 傢 | BQ17: =_xlfn.XLOOKUP(BP17,対応表!$B:$B,対応表!$C:$C," ") | BR17: 傶 | BS17: =_xlfn.XLOOKUP(BR17,対応表!$B:$B,対応表!$C:$C," ") | BT17: 僊 | BU17: =_xlfn.XLOOKUP(BT17,対応表!$B:$B,対応表!$C:$C," ") | BV17: 僞 | BW17: =_xlfn.XLOOKUP(BV17,対応表!$B:$B,対応表!$C:$C," ") | BX17: 僲 | BY17: =_xlfn.XLOOKUP(BX17,対応表!$B:$B,対応表!$C:$C," ") | BZ17: 儆 | CA17: =_xlfn.XLOOKUP(BZ17,対応表!$B:$B,対応表!$C:$C," ") | CB17: 儚 | CC17: =_xlfn.XLOOKUP(CB17,対応表!$B:$B,対応表!$C:$C," ") | CD17: 儮 | CE17: =_xlfn.XLOOKUP(CD17,対応表!$B:$B,対応表!$C:$C," ") | CF17: 兂 | CG17: =_xlfn.XLOOKUP(CF17,対応表!$B:$B,対応表!$C:$C," ") | CH17: 兖 | CI17: =_xlfn.XLOOKUP(CH17,対応表!$B:$B,対応表!$C:$C," ") | CJ17: 兪 | CK17: =_xlfn.XLOOKUP(CJ17,対応表!$B:$B,対応表!$C:$C," ") | CL17: 兾 | CM17: =_xlfn.XLOOKUP(CL17,対応表!$B:$B,対応表!$C:$C," ") | CN17: 冒 | CO17: =_xlfn.XLOOKUP(CN17,対応表!$B:$B,対応表!$C:$C," ") | CP17: 冦 | CQ17: =_xlfn.XLOOKUP(CP17,対応表!$B:$B,対応表!$C:$C," ") -> 扱? | CR17: 冺 | CS17: =_xlfn.XLOOKUP(CR17,対応表!$B:$B,対応表!$C:$C," ") | CT17: 凎 | CU17: =_xlfn.XLOOKUP(CT17,対応表!$B:$B,対応表!$C:$C," ") | CV17: 凢 | CW17: =_xlfn.XLOOKUP(CV17,対応表!$B:$B,対応表!$C:$C," ") | CX17: 凶 | CY17: =_xlfn.XLOOKUP(CX17,対応表!$B:$B,対応表!$C:$C," ") | CZ17: 刊 | DA17: =_xlfn.XLOOKUP(CZ17,対応表!$B:$B,対応表!$C:$C," ") | DB17: 刞 | DC17: =_xlfn.XLOOKUP(DB17,対応表!$B:$B,対応表!$C:$C," ") | DD17: 刲 | DE17: =_xlfn.XLOOKUP(DD17,対応表!$B:$B,対応表!$C:$C," ") | DF17: 剆 | DG17: =_xlfn.XLOOKUP(DF17,対応表!$B:$B,対応表!$C:$C," ") | DH17: 剚 | DI17: =_xlfn.XLOOKUP(DH17,対応表!$B:$B,対応表!$C:$C," ") | DJ17: 剮 | DK17: =_xlfn.XLOOKUP(DJ17,対応表!$B:$B,対応表!$C:$C," ") | DL17: 劂 | DM17: =_xlfn.XLOOKUP(DL17,対応表!$B:$B,対応表!$C:$C," ") | DN17: 劖 | DO17: =_xlfn.XLOOKUP(DN17,対応表!$B:$B,対応表!$C:$C," ") | DP17: 努 | DQ17: =_xlfn.XLOOKUP(DP17,対応表!$B:$B,対応表!$C:$C," ") | DR17: 劾 | DS17: =_xlfn.XLOOKUP(DR17,対応表!$B:$B,対応表!$C:$C," ") | DT17: 勒 | DU17: =_xlfn.XLOOKUP(DT17,対応表!$B:$B,対応表!$C:$C," ") | DV17: 勦 | DW17: =_xlfn.XLOOKUP(DV17,対応表!$B:$B,対応表!$C:$C," ") | DX17: 勺 | DY17: =_xlfn.XLOOKUP(DX17,対応表!$B:$B,対応表!$C:$C," ") | DZ17: 匎 | EA17: =_xlfn.XLOOKUP(DZ17,対応表!$B:$B,対応表!$C:$C," ") | EB17: 匢 | EC17: =_xlfn.XLOOKUP(EB17,対応表!$B:$B,対応表!$C:$C," ") | ED17: 匶 | EE17: =_xlfn.XLOOKUP(ED17,対応表!$B:$B,対応表!$C:$C," ") | EF17: 半 | EG17: =_xlfn.XLOOKUP(EF17,対応表!$B:$B,対応表!$C:$C," ") | EH17: 卞 | EI17: =_xlfn.XLOOKUP(EH17,対応表!$B:$B,対応表!$C:$C," ") | EJ17: 卲 | EK17: =_xlfn.XLOOKUP(EJ17,対応表!$B:$B,対応表!$C:$C," ")
A18: Ｐ | B18: 丏 | C18: =_xlfn.XLOOKUP(B18,対応表!$B:$B,対応表!$C:$C," ") -> 所 | D18: 丣 | E18: {=_xlfn.XLOOKUP(D18,対応表!$B:B,対応表!$C:C," ")} -> し | F18: 丷 | G18: =_xlfn.XLOOKUP(F18,対応表!$B:$B,対応表!$C:$C," ") | H18: 之 | I18: =_xlfn.XLOOKUP(H18,対応表!$B:$B,対応表!$C:$C," ") -> 々 | J18: 也 | K18: =_xlfn.XLOOKUP(J18,対応表!$B:$B,対応表!$C:$C," ") | L18: 乳 | M18: =_xlfn.XLOOKUP(L18,対応表!$B:$B,対応表!$C:$C,"こ") -> [乳]? | N18: 亇 | O18: =_xlfn.XLOOKUP(N18,対応表!$B:$B,対応表!$C:$C," ") -> ぎ | P18: 些 | Q18: =_xlfn.XLOOKUP(P18,対応表!$B:$B,対応表!$C:$C," ") | R18: 亯 | S18: =_xlfn.XLOOKUP(R18,対応表!$B:$B,対応表!$C:$C," ") | T18: 仃 | U18: =_xlfn.XLOOKUP(T18,対応表!$B:$B,対応表!$C:$C," ") -> え | V18: 仗 | W18: =_xlfn.XLOOKUP(V18,対応表!$B:$B,対応表!$C:$C," ") | X18: 仫 | Y18: =_xlfn.XLOOKUP(X18,対応表!$B:$B,対応表!$C:$C," ") -> 色? | Z18: 仿 | AA18: =_xlfn.XLOOKUP(Z18,対応表!$B:$B,対応表!$C:$C," ") | AB18: 伓 | AC18: =_xlfn.XLOOKUP(AB18,対応表!$B:$B,対応表!$C:$C," ") | AD18: 伧 | AE18: =_xlfn.XLOOKUP(AD18,対応表!$B:$B,対応表!$C:$C," ") | AF18: 伻 | AG18: =_xlfn.XLOOKUP(AF18,対応表!$B:$B,対応表!$C:$C," ") | AH18: 住 | AI18: =_xlfn.XLOOKUP(AH18,対応表!$B:$B,対応表!$C:$C," ") | AJ18: 佣 | AK18: =_xlfn.XLOOKUP(AJ18,対応表!$B:$B,対応表!$C:$C," ") | AL18: 佷 | AM18: =_xlfn.XLOOKUP(AL18,対応表!$B:$B,対応表!$C:$C," ") | AN18: 例 | AO18: =_xlfn.XLOOKUP(AN18,対応表!$B:$B,対応表!$C:$C," ") | AP18: 侟 | AQ18: =_xlfn.XLOOKUP(AP18,対応表!$B:$B,対応表!$C:$C," ") | AR18: 侳 | AS18: =_xlfn.XLOOKUP(AR18,対応表!$B:$B,対応表!$C:$C," ") | AT18: 俇 | AU18: =_xlfn.XLOOKUP(AT18,対応表!$B:$B,対応表!$C:$C," ") | AV18: 俛 | AW18: =_xlfn.XLOOKUP(AV18,対応表!$B:$B,対応表!$C:$C," ") | AX18: 俯 | AY18: =_xlfn.XLOOKUP(AX18,対応表!$B:$B,対応表!$C:$C," ") -> 指 | AZ18: 倃 | BA18: =_xlfn.XLOOKUP(AZ18,対応表!$B:$B,対応表!$C:$C," ") | BB18: 倗 | BC18: =_xlfn.XLOOKUP(BB18,対応表!$B:$B,対応表!$C:$C," ") | BD18: 倫 | BE18: =_xlfn.XLOOKUP(BD18,対応表!$B:$B,対応表!$C:$C," ") | BF18: 倿 | BG18: =_xlfn.XLOOKUP(BF18,対応表!$B:$B,対応表!$C:$C," ") | BH18: 偓 | BI18: =_xlfn.XLOOKUP(BH18,対応表!$B:$B,対応表!$C:$C," ") | BJ18: 偧 | BK18: =_xlfn.XLOOKUP(BJ18,対応表!$B:$B,対応表!$C:$C," ") | BL18: 偻 | BM18: =_xlfn.XLOOKUP(BL18,対応表!$B:$B,対応表!$C:$C," ") | BN18: 傏 | BO18: =_xlfn.XLOOKUP(BN18,対応表!$B:$B,対応表!$C:$C," ") | BP18: 傣 | BQ18: =_xlfn.XLOOKUP(BP18,対応表!$B:$B,対応表!$C:$C," ") | BR18: 傷 | BS18: =_xlfn.XLOOKUP(BR18,対応表!$B:$B,対応表!$C:$C," ") | BT18: 僋 | BU18: =_xlfn.XLOOKUP(BT18,対応表!$B:$B,対応表!$C:$C," ") | BV18: 僟 | BW18: =_xlfn.XLOOKUP(BV18,対応表!$B:$B,対応表!$C:$C," ") | BX18: 僳 | BY18: =_xlfn.XLOOKUP(BX18,対応表!$B:$B,対応表!$C:$C," ") | BZ18: 儇 | CA18: =_xlfn.XLOOKUP(BZ18,対応表!$B:$B,対応表!$C:$C," ") | CB18: 儛 | CC18: =_xlfn.XLOOKUP(CB18,対応表!$B:$B,対応表!$C:$C," ") -> 入 | CD18: 儯 | CE18: =_xlfn.XLOOKUP(CD18,対応表!$B:$B,対応表!$C:$C," ") | CF18: 元 | CG18: =_xlfn.XLOOKUP(CF18,対応表!$B:$B,対応表!$C:$C," ") | CH18: 兗 | CI18: =_xlfn.XLOOKUP(CH18,対応表!$B:$B,対応表!$C:$C," ") | CJ18: 八 | CK18: =_xlfn.XLOOKUP(CJ18,対応表!$B:$B,対応表!$C:$C," ") | CL18: 兿 | CM18: =_xlfn.XLOOKUP(CL18,対応表!$B:$B,対応表!$C:$C," ") | CN18: 冓 | CO18: =_xlfn.XLOOKUP(CN18,対応表!$B:$B,対応表!$C:$C," ") | CP18: 冧 | CQ18: =_xlfn.XLOOKUP(CP18,対応表!$B:$B,対応表!$C:$C," ") | CR18: 冻 | CS18: =_xlfn.XLOOKUP(CR18,対応表!$B:$B,対応表!$C:$C," ") | CT18: 减 | CU18: =_xlfn.XLOOKUP(CT18,対応表!$B:$B,対応表!$C:$C," ") -> 閉 | CV18: 凣 | CW18: =_xlfn.XLOOKUP(CV18,対応表!$B:$B,対応表!$C:$C," ") | CX18: 凷 | CY18: =_xlfn.XLOOKUP(CX18,対応表!$B:$B,対応表!$C:$C," ") | CZ18: 刋 | DA18: =_xlfn.XLOOKUP(CZ18,対応表!$B:$B,対応表!$C:$C," ") -> 年 | DB18: 刞 | DC18: =_xlfn.XLOOKUP(DB18,対応表!$B:$B,対応表!$C:$C," ") | DD18: 刳 | DE18: =_xlfn.XLOOKUP(DD18,対応表!$B:$B,対応表!$C:$C," ") -> 犯 | DF18: 則 | DG18: =_xlfn.XLOOKUP(DF18,対応表!$B:$B,対応表!$C:$C," ") | DH18: 剛 | DI18: =_xlfn.XLOOKUP(DH18,対応表!$B:$B,対応表!$C:$C," ") | DJ18: 副 | DK18: =_xlfn.XLOOKUP(DJ18,対応表!$B:$B,対応表!$C:$C," ") | DL18: 劃 | DM18: =_xlfn.XLOOKUP(DL18,対応表!$B:$B,対応表!$C:$C," ") | DN18: 劗 | DO18: =_xlfn.XLOOKUP(DN18,対応表!$B:$B,対応表!$C:$C," ") | DP18: 劫 | DQ18: =_xlfn.XLOOKUP(DP18,対応表!$B:$B,対応表!$C:$C," ") | DR18: 势 | DS18: =_xlfn.XLOOKUP(DR18,対応表!$B:$B,対応表!$C:$C," ") | DT18: 勓 | DU18: =_xlfn.XLOOKUP(DT18,対応表!$B:$B,対応表!$C:$C," ") -> 開 | DV18: 勧 | DW18: =_xlfn.XLOOKUP(DV18,対応表!$B:$B,対応表!$C:$C," ") | DX18: 勻 | DY18: =_xlfn.XLOOKUP(DX18,対応表!$B:$B,対応表!$C:$C," ") -> 守? | DZ18: 匏 | EA18: =_xlfn.XLOOKUP(DZ18,対応表!$B:$B,対応表!$C:$C," ") | EB18: 匣 | EC18: =_xlfn.XLOOKUP(EB18,対応表!$B:$B,対応表!$C:$C," ") | ED18: 匷 | EE18: =_xlfn.XLOOKUP(ED18,対応表!$B:$B,対応表!$C:$C," ") | EF18: 卋 | EG18: =_xlfn.XLOOKUP(EF18,対応表!$B:$B,対応表!$C:$C," ") -> 像/王? | EH18: 卟 | EI18: =_xlfn.XLOOKUP(EH18,対応表!$B:$B,対応表!$C:$C," ") | EJ18: 即 | EK18: =_xlfn.XLOOKUP(EJ18,対応表!$B:$B,対応表!$C:$C," ")
A19: Ｑ | B19: 丐 | C19: =_xlfn.XLOOKUP(B19,対応表!$B:$B,対応表!$C:$C," ") -> で | D19: 两 | E19: {=_xlfn.XLOOKUP(D19,対応表!$B:B,対応表!$C:C,"掟?")} -> 掟 | F19: 丸 | G19: =_xlfn.XLOOKUP(F19,対応表!$B:$B,対応表!$C:$C," ") | H19: 乌 | I19: =_xlfn.XLOOKUP(H19,対応表!$B:$B,対応表!$C:$C," ") -> ま | J19: 习 | K19: =_xlfn.XLOOKUP(J19,対応表!$B:$B,対応表!$C:$C,"。") -> 。 | L19: 乴 | M19: =_xlfn.XLOOKUP(L19,対応表!$B:$B,対応表!$C:$C,"の") -> の | N19: 予 | O19: =_xlfn.XLOOKUP(N19,対応表!$B:$B,対応表!$C:$C," ") | P19: 亜 | Q19: =_xlfn.XLOOKUP(P19,対応表!$B:$B,対応表!$C:$C," ") | R19: 亰 | S19: =_xlfn.XLOOKUP(R19,対応表!$B:$B,対応表!$C:$C," ") | T19: 仄 | U19: =_xlfn.XLOOKUP(T19,対応表!$B:$B,対応表!$C:$C," ") | V19: 付 | W19: =_xlfn.XLOOKUP(V19,対応表!$B:$B,対応表!$C:$C," ") | X19: 们 | Y19: =_xlfn.XLOOKUP(X19,対応表!$B:$B,対応表!$C:$C," ") | Z19: 伀 | AA19: =_xlfn.XLOOKUP(Z19,対応表!$B:$B,対応表!$C:$C," ") -> 目 | AB19: 伔 | AC19: =_xlfn.XLOOKUP(AB19,対応表!$B:$B,対応表!$C:$C," ") | AD19: 伨 | AE19: =_xlfn.XLOOKUP(AD19,対応表!$B:$B,対応表!$C:$C," ") | AF19: 似 | AG19: =_xlfn.XLOOKUP(AF19,対応表!$B:$B,対応表!$C:$C," ") -> ぬ | AH19: 佐 | AI19: =_xlfn.XLOOKUP(AH19,対応表!$B:$B,対応表!$C:$C," ") | AJ19: 佤 | AK19: =_xlfn.XLOOKUP(AJ19,対応表!$B:$B,対応表!$C:$C," ") -> 無 | AL19: 佸 | AM19: =_xlfn.XLOOKUP(AL19,対応表!$B:$B,対応表!$C:$C," ") | AN19: 侌 | AO19: =_xlfn.XLOOKUP(AN19,対応表!$B:$B,対応表!$C:$C," ") | AP19: 侠 | AQ19: =_xlfn.XLOOKUP(AP19,対応表!$B:$B,対応表!$C:$C," ") | AR19: 侴 | AS19: =_xlfn.XLOOKUP(AR19,対応表!$B:$B,対応表!$C:$C," ") | AT19: 俈 | AU19: =_xlfn.XLOOKUP(AT19,対応表!$B:$B,対応表!$C:$C," ") | AV19: 俜 | AW19: =_xlfn.XLOOKUP(AV19,対応表!$B:$B,対応表!$C:$C," ") -> 香 | AX19: 俰 | AY19: =_xlfn.XLOOKUP(AX19,対応表!$B:$B,対応表!$C:$C," ") | AZ19: 倄 | BA19: =_xlfn.XLOOKUP(AZ19,対応表!$B:$B,対応表!$C:$C," ") -> 沿? | BB19: 倘 | BC19: =_xlfn.XLOOKUP(BB19,対応表!$B:$B,対応表!$C:$C," ") | BD19: 倬 | BE19: =_xlfn.XLOOKUP(BD19,対応表!$B:$B,対応表!$C:$C," ") | BF19: 偀 | BG19: =_xlfn.XLOOKUP(BF19,対応表!$B:$B,対応表!$C:$C," ") | BH19: 偔 | BI19: =_xlfn.XLOOKUP(BH19,対応表!$B:$B,対応表!$C:$C," ") | BJ19: 偨 | BK19: =_xlfn.XLOOKUP(BJ19,対応表!$B:$B,対応表!$C:$C," ") | BL19: 偼 | BM19: =_xlfn.XLOOKUP(BL19,対応表!$B:$B,対応表!$C:$C," ") | BN19: 傐 | BO19: =_xlfn.XLOOKUP(BN19,対応表!$B:$B,対応表!$C:$C," ") | BP19: 傤 | BQ19: =_xlfn.XLOOKUP(BP19,対応表!$B:$B,対応表!$C:$C," ") | BR19: 傸 | BS19: =_xlfn.XLOOKUP(BR19,対応表!$B:$B,対応表!$C:$C," ") | BT19: 僌 | BU19: =_xlfn.XLOOKUP(BT19,対応表!$B:$B,対応表!$C:$C," ") -> お | BV19: 僠 | BW19: =_xlfn.XLOOKUP(BV19,対応表!$B:$B,対応表!$C:$C," ") | BX19: 僴 | BY19: =_xlfn.XLOOKUP(BX19,対応表!$B:$B,対応表!$C:$C," ") | BZ19: 儈 | CA19: =_xlfn.XLOOKUP(BZ19,対応表!$B:$B,対応表!$C:$C," ") | CB19: 儜 | CC19: =_xlfn.XLOOKUP(CB19,対応表!$B:$B,対応表!$C:$C," ") | CD19: 儰 | CE19: =_xlfn.XLOOKUP(CD19,対応表!$B:$B,対応表!$C:$C," ") | CF19: 兄 | CG19: =_xlfn.XLOOKUP(CF19,対応表!$B:$B,対応表!$C:$C," ") | CH19: 兘 | CI19: =_xlfn.XLOOKUP(CH19,対応表!$B:$B,対応表!$C:$C," ") | CJ19: 公 | CK19: =_xlfn.XLOOKUP(CJ19,対応表!$B:$B,対応表!$C:$C," ") | CL19: 冀 | CM19: =_xlfn.XLOOKUP(CL19,対応表!$B:$B,対応表!$C:$C," ") | CN19: 冔 | CO19: =_xlfn.XLOOKUP(CN19,対応表!$B:$B,対応表!$C:$C," ") | CP19: 冨 | CQ19: =_xlfn.XLOOKUP(CP19,対応表!$B:$B,対応表!$C:$C," ") | CR19: 冼 | CS19: =_xlfn.XLOOKUP(CR19,対応表!$B:$B,対応表!$C:$C," ") | CT19: 凐 | CU19: =_xlfn.XLOOKUP(CT19,対応表!$B:$B,対応表!$C:$C," ") | CV19: 凤 | CW19: =_xlfn.XLOOKUP(CV19,対応表!$B:$B,対応表!$C:$C," ") | CX19: 凸 | CY19: =_xlfn.XLOOKUP(CX19,対応表!$B:$B,対応表!$C:$C," ") | CZ19: 刌 | DA19: =_xlfn.XLOOKUP(CZ19,対応表!$B:$B,対応表!$C:$C," ") -> 以? | DB19: 删 | DC19: =_xlfn.XLOOKUP(DB19,対応表!$B:$B,対応表!$C:$C," ") | DD19: 刴 | DE19: =_xlfn.XLOOKUP(DD19,対応表!$B:$B,対応表!$C:$C," ") | DF19: 剈 | DG19: =_xlfn.XLOOKUP(DF19,対応表!$B:$B,対応表!$C:$C," ") | DH19: 剜 | DI19: =_xlfn.XLOOKUP(DH19,対応表!$B:$B,対応表!$C:$C," ") | DJ19: 剰 | DK19: =_xlfn.XLOOKUP(DJ19,対応表!$B:$B,対応表!$C:$C," ") | DL19: 劄 | DM19: =_xlfn.XLOOKUP(DL19,対応表!$B:$B,対応表!$C:$C," ") | DN19: 劘 | DO19: =_xlfn.XLOOKUP(DN19,対応表!$B:$B,対応表!$C:$C," ") | DP19: 劬 | DQ19: =_xlfn.XLOOKUP(DP19,対応表!$B:$B,対応表!$C:$C," ") | DR19: 勀 | DS19: =_xlfn.XLOOKUP(DR19,対応表!$B:$B,対応表!$C:$C,"遷") -> 遷? | DT19: 勔 | DU19: =_xlfn.XLOOKUP(DT19,対応表!$B:$B,対応表!$C:$C," ") | DV19: 勨 | DW19: =_xlfn.XLOOKUP(DV19,対応表!$B:$B,対応表!$C:$C," ") | DX19: 勼 | DY19: =_xlfn.XLOOKUP(DX19,対応表!$B:$B,対応表!$C:$C," ") | DZ19: 匐 | EA19: =_xlfn.XLOOKUP(DZ19,対応表!$B:$B,対応表!$C:$C," ") | EB19: 匤 | EC19: =_xlfn.XLOOKUP(EB19,対応表!$B:$B,対応表!$C:$C," ") -> 再 | ED19: 匸 | EE19: =_xlfn.XLOOKUP(ED19,対応表!$B:$B,対応表!$C:$C," ") | EF19: 卌 | EG19: =_xlfn.XLOOKUP(EF19,対応表!$B:$B,対応表!$C:$C," ") | EH19: 占 | EI19: =_xlfn.XLOOKUP(EH19,対応表!$B:$B,対応表!$C:$C," ") | EJ19: 却 | EK19: =_xlfn.XLOOKUP(EJ19,対応表!$B:$B,対応表!$C:$C," ")
A20: Ｒ | B20: 丑 | C20: =_xlfn.XLOOKUP(B20,対応表!$B:$B,対応表!$C:$C," ") -> 生 | D20: 严 | E20: {=_xlfn.XLOOKUP(D20,対応表!$B:B,対応表!$C:C,"で")} -> で | F20: 丹 | G20: =_xlfn.XLOOKUP(F20,対応表!$B:$B,対応表!$C:$C," ") | H20: 乍 | I20: =_xlfn.XLOOKUP(H20,対応表!$B:$B,対応表!$C:$C,"で") -> で | J20: 乡 | K20: =_xlfn.XLOOKUP(J20,対応表!$B:$B,対応表!$C:$C," ") -> さ | L20: 乵 | M20: =_xlfn.XLOOKUP(L20,対応表!$B:$B,対応表!$C:$C," ") -> 日 | N20: 争 | O20: =_xlfn.XLOOKUP(N20,対応表!$B:$B,対応表!$C:$C," ") -> ず | P20: 亝 | Q20: =_xlfn.XLOOKUP(P20,対応表!$B:$B,対応表!$C:$C," ") -> ち | R20: 亱 | S20: =_xlfn.XLOOKUP(R20,対応表!$B:$B,対応表!$C:$C," ") | T20: 仅 | U20: =_xlfn.XLOOKUP(T20,対応表!$B:$B,対応表!$C:$C," ") | V20: 仙 | W20: =_xlfn.XLOOKUP(V20,対応表!$B:$B,対応表!$C:$C," ") | X20: 仭 | Y20: =_xlfn.XLOOKUP(X20,対応表!$B:$B,対応表!$C:$C," ") | Z20: 企 | AA20: =_xlfn.XLOOKUP(Z20,対応表!$B:$B,対応表!$C:$C," ") | AB20: 伕 | AC20: =_xlfn.XLOOKUP(AB20,対応表!$B:$B,対応表!$C:$C," ") -> ひ | AD20: 伩 | AE20: =_xlfn.XLOOKUP(AD20,対応表!$B:$B,対応表!$C:$C," ") | AF20: 伽 | AG20: =_xlfn.XLOOKUP(AF20,対応表!$B:$B,対応表!$C:$C," ") | AH20: 佑 | AI20: =_xlfn.XLOOKUP(AH20,対応表!$B:$B,対応表!$C:$C," ") | AJ20: 佥 | AK20: =_xlfn.XLOOKUP(AJ20,対応表!$B:$B,対応表!$C:$C," ") | AL20: 佹 | AM20: =_xlfn.XLOOKUP(AL20,対応表!$B:$B,対応表!$C:$C," ") | AN20: 侍 | AO20: =_xlfn.XLOOKUP(AN20,対応表!$B:$B,対応表!$C:$C," ") | AP20: 価 | AQ20: =_xlfn.XLOOKUP(AP20,対応表!$B:$B,対応表!$C:$C," ") | AR20: 侵 | AS20: =_xlfn.XLOOKUP(AR20,対応表!$B:$B,対応表!$C:$C," ") | AT20: 俉 | AU20: =_xlfn.XLOOKUP(AT20,対応表!$B:$B,対応表!$C:$C," ") | AV20: 保 | AW20: =_xlfn.XLOOKUP(AV20,対応表!$B:$B,対応表!$C:$C," ") | AX20: 俱 | AY20: =_xlfn.XLOOKUP(AX20,対応表!$B:$B,対応表!$C:$C," ") | AZ20: 倅 | BA20: =_xlfn.XLOOKUP(AZ20,対応表!$B:$B,対応表!$C:$C," ") | BB20: 候 | BC20: =_xlfn.XLOOKUP(BB20,対応表!$B:$B,対応表!$C:$C," ") -> 小 | BD20: 倭 | BE20: =_xlfn.XLOOKUP(BD20,対応表!$B:$B,対応表!$C:$C," ") | BF20: 偁 | BG20: =_xlfn.XLOOKUP(BF20,対応表!$B:$B,対応表!$C:$C," ") | BH20: 偕 | BI20: =_xlfn.XLOOKUP(BH20,対応表!$B:$B,対応表!$C:$C," ") | BJ20: 偩 | BK20: =_xlfn.XLOOKUP(BJ20,対応表!$B:$B,対応表!$C:$C," ") | BL20: 偽 | BM20: =_xlfn.XLOOKUP(BL20,対応表!$B:$B,対応表!$C:$C," ") | BN20: 傑 | BO20: =_xlfn.XLOOKUP(BN20,対応表!$B:$B,対応表!$C:$C," ") | BP20: 傥 | BQ20: =_xlfn.XLOOKUP(BP20,対応表!$B:$B,対応表!$C:$C," ") | BR20: 傹 | BS20: =_xlfn.XLOOKUP(BR20,対応表!$B:$B,対応表!$C:$C," ") | BT20: 働 | BU20: =_xlfn.XLOOKUP(BT20,対応表!$B:$B,対応表!$C:$C," ") | BV20: 僡 | BW20: =_xlfn.XLOOKUP(BV20,対応表!$B:$B,対応表!$C:$C," ") | BX20: 僵 | BY20: =_xlfn.XLOOKUP(BX20,対応表!$B:$B,対応表!$C:$C," ") | BZ20: 儉 | CA20: =_xlfn.XLOOKUP(BZ20,対応表!$B:$B,対応表!$C:$C," ") | CB20: 儝 | CC20: =_xlfn.XLOOKUP(CB20,対応表!$B:$B,対応表!$C:$C," ") | CD20: 儱 | CE20: =_xlfn.XLOOKUP(CD20,対応表!$B:$B,対応表!$C:$C," ") | CF20: 充 | CG20: =_xlfn.XLOOKUP(CF20,対応表!$B:$B,対応表!$C:$C," ") | CH20: 兙 | CI20: =_xlfn.XLOOKUP(CH20,対応表!$B:$B,対応表!$C:$C," ") | CJ20: 六 | CK20: =_xlfn.XLOOKUP(CJ20,対応表!$B:$B,対応表!$C:$C," ") | CL20: 冁 | CM20: =_xlfn.XLOOKUP(CL20,対応表!$B:$B,対応表!$C:$C," ") | CN20: 冕 | CO20: =_xlfn.XLOOKUP(CN20,対応表!$B:$B,対応表!$C:$C," ") | CP20: 冩 | CQ20: =_xlfn.XLOOKUP(CP20,対応表!$B:$B,対応表!$C:$C," ") | CR20: 冽 | CS20: =_xlfn.XLOOKUP(CR20,対応表!$B:$B,対応表!$C:$C," ") | CT20: 凑 | CU20: =_xlfn.XLOOKUP(CT20,対応表!$B:$B,対応表!$C:$C," ") | CV20: 凥 | CW20: =_xlfn.XLOOKUP(CV20,対応表!$B:$B,対応表!$C:$C," ") | CX20: 凹 | CY20: =_xlfn.XLOOKUP(CX20,対応表!$B:$B,対応表!$C:$C," ") | CZ20: 刍 | DA20: =_xlfn.XLOOKUP(CZ20,対応表!$B:$B,対応表!$C:$C," ") | DB20: 刡 | DC20: =_xlfn.XLOOKUP(DB20,対応表!$B:$B,対応表!$C:$C," ") | DD20: 刵 | DE20: =_xlfn.XLOOKUP(DD20,対応表!$B:$B,対応表!$C:$C," ") | DF20: 剉 | DG20: =_xlfn.XLOOKUP(DF20,対応表!$B:$B,対応表!$C:$C," ") | DH20: 剝 | DI20: =_xlfn.XLOOKUP(DH20,対応表!$B:$B,対応表!$C:$C," ") | DJ20: 剱 | DK20: =_xlfn.XLOOKUP(DJ20,対応表!$B:$B,対応表!$C:$C," ") | DL20: 劅 | DM20: =_xlfn.XLOOKUP(DL20,対応表!$B:$B,対応表!$C:$C," ") | DN20: 劙 | DO20: =_xlfn.XLOOKUP(DN20,対応表!$B:$B,対応表!$C:$C," ") | DP20: 劭 | DQ20: =_xlfn.XLOOKUP(DP20,対応表!$B:$B,対応表!$C:$C," ") | DR20: 勁 | DS20: =_xlfn.XLOOKUP(DR20,対応表!$B:$B,対応表!$C:$C," ") -> 化 | DT20: 動 | DU20: =_xlfn.XLOOKUP(DT20,対応表!$B:$B,対応表!$C:$C," ") | DV20: 勩 | DW20: =_xlfn.XLOOKUP(DV20,対応表!$B:$B,対応表!$C:$C," ") | DX20: 勽 | DY20: =_xlfn.XLOOKUP(DX20,対応表!$B:$B,対応表!$C:$C," ") | DZ20: 匑 | EA20: =_xlfn.XLOOKUP(DZ20,対応表!$B:$B,対応表!$C:$C," ") | EB20: 匥 | EC20: =_xlfn.XLOOKUP(EB20,対応表!$B:$B,対応表!$C:$C," ") | ED20: 匹 | EE20: =_xlfn.XLOOKUP(ED20,対応表!$B:$B,対応表!$C:$C," ") | EF20: 卍 | EG20: =_xlfn.XLOOKUP(EF20,対応表!$B:$B,対応表!$C:$C," ") | EH20: 卡 | EI20: =_xlfn.XLOOKUP(EH20,対応表!$B:$B,対応表!$C:$C," ") | EJ20: 卵 | EK20: =_xlfn.XLOOKUP(EJ20,対応表!$B:$B,対応表!$C:$C," ")
A21: Ｓ | B21: 丒 | C21: =_xlfn.XLOOKUP(B21,対応表!$B:$B,対応表!$C:$C,"き") -> き | D21: 並 | E21: {=_xlfn.XLOOKUP(D21,対応表!$B:B,対応表!$C:C,"あ")} -> あ | F21: 为 | G21: =_xlfn.XLOOKUP(F21,対応表!$B:$B,対応表!$C:$C," ") | H21: 乎 | I21: =_xlfn.XLOOKUP(H21,対応表!$B:$B,対応表!$C:$C," ") -> 照 | J21: 乢 | K21: =_xlfn.XLOOKUP(J21,対応表!$B:$B,対応表!$C:$C," ") -> も | L21: 乶 | M21: =_xlfn.XLOOKUP(L21,対応表!$B:$B,対応表!$C:$C,"常") -> 常 | N21: 亊 | O21: =_xlfn.XLOOKUP(N21,対応表!$B:$B,対応表!$C:$C," ") | P21: 亞 | Q21: =_xlfn.XLOOKUP(P21,対応表!$B:$B,対応表!$C:$C," ") -> ょ | R21: 亲 | S21: =_xlfn.XLOOKUP(R21,対応表!$B:$B,対応表!$C:$C," ") | T21: 仆 | U21: =_xlfn.XLOOKUP(T21,対応表!$B:$B,対応表!$C:$C," ") | V21: 仚 | W21: =_xlfn.XLOOKUP(V21,対応表!$B:$B,対応表!$C:$C," ") -> 覗 | X21: 仮 | Y21: =_xlfn.XLOOKUP(X21,対応表!$B:$B,対応表!$C:$C," ") -> 飾? | Z21: 伂 | AA21: =_xlfn.XLOOKUP(Z21,対応表!$B:$B,対応表!$C:$C," ") | AB21: 伖 | AC21: =_xlfn.XLOOKUP(AB21,対応表!$B:$B,対応表!$C:$C," ") -> ゅ | AD21: 伪 | AE21: =_xlfn.XLOOKUP(AD21,対応表!$B:$B,対応表!$C:$C," ") | AF21: 伾 | AG21: =_xlfn.XLOOKUP(AF21,対応表!$B:$B,対応表!$C:$C," ") | AH21: 佒 | AI21: =_xlfn.XLOOKUP(AH21,対応表!$B:$B,対応表!$C:$C," ") -> 物 | AJ21: 佦 | AK21: =_xlfn.XLOOKUP(AJ21,対応表!$B:$B,対応表!$C:$C," ") | AL21: 佺 | AM21: =_xlfn.XLOOKUP(AL21,対応表!$B:$B,対応表!$C:$C," ") | AN21: 侎 | AO21: =_xlfn.XLOOKUP(AN21,対応表!$B:$B,対応表!$C:$C," ") | AP21: 侢 | AQ21: =_xlfn.XLOOKUP(AP21,対応表!$B:$B,対応表!$C:$C," ") | AR21: 侶 | AS21: =_xlfn.XLOOKUP(AR21,対応表!$B:$B,対応表!$C:$C," ") | AT21: 俊 | AU21: =_xlfn.XLOOKUP(AT21,対応表!$B:$B,対応表!$C:$C," ") -> ぽ | AV21: 俞 | AW21: =_xlfn.XLOOKUP(AV21,対応表!$B:$B,対応表!$C:$C," ") -> 感? | AX21: 俲 | AY21: =_xlfn.XLOOKUP(AX21,対応表!$B:$B,対応表!$C:$C," ") | AZ21: 倆 | BA21: =_xlfn.XLOOKUP(AZ21,対応表!$B:$B,対応表!$C:$C," ") | BB21: 倚 | BC21: =_xlfn.XLOOKUP(BB21,対応表!$B:$B,対応表!$C:$C," ") -> 楽 | BD21: 倮 | BE21: =_xlfn.XLOOKUP(BD21,対応表!$B:$B,対応表!$C:$C," ") | BF21: 偂 | BG21: =_xlfn.XLOOKUP(BF21,対応表!$B:$B,対応表!$C:$C," ") | BH21: 偖 | BI21: =_xlfn.XLOOKUP(BH21,対応表!$B:$B,対応表!$C:$C," ") | BJ21: 偪 | BK21: =_xlfn.XLOOKUP(BJ21,対応表!$B:$B,対応表!$C:$C," ") | BL21: 偾 | BM21: =_xlfn.XLOOKUP(BL21,対応表!$B:$B,対応表!$C:$C," ") | BN21: 傒 | BO21: =_xlfn.XLOOKUP(BN21,対応表!$B:$B,対応表!$C:$C," ") | BP21: 傦 | BQ21: =_xlfn.XLOOKUP(BP21,対応表!$B:$B,対応表!$C:$C," ") | BR21: 傺 | BS21: =_xlfn.XLOOKUP(BR21,対応表!$B:$B,対応表!$C:$C," ") | BT21: 僎 | BU21: =_xlfn.XLOOKUP(BT21,対応表!$B:$B,対応表!$C:$C," ") | BV21: 僢 | BW21: =_xlfn.XLOOKUP(BV21,対応表!$B:$B,対応表!$C:$C," ") | BX21: 僶 | BY21: =_xlfn.XLOOKUP(BX21,対応表!$B:$B,対応表!$C:$C," ") | BZ21: 儊 | CA21: =_xlfn.XLOOKUP(BZ21,対応表!$B:$B,対応表!$C:$C," ") | CB21: 儞 | CC21: =_xlfn.XLOOKUP(CB21,対応表!$B:$B,対応表!$C:$C," ") | CD21: 儲 | CE21: =_xlfn.XLOOKUP(CD21,対応表!$B:$B,対応表!$C:$C," ") | CF21: 兆 | CG21: =_xlfn.XLOOKUP(CF21,対応表!$B:$B,対応表!$C:$C," ") | CH21: 党 | CI21: =_xlfn.XLOOKUP(CH21,対応表!$B:$B,対応表!$C:$C," ") | CJ21: 兮 | CK21: =_xlfn.XLOOKUP(CJ21,対応表!$B:$B,対応表!$C:$C," ") | CL21: 冂 | CM21: =_xlfn.XLOOKUP(CL21,対応表!$B:$B,対応表!$C:$C," ") | CN21: 冖 | CO21: =_xlfn.XLOOKUP(CN21,対応表!$B:$B,対応表!$C:$C," ") | CP21: 冪 | CQ21: =_xlfn.XLOOKUP(CP21,対応表!$B:$B,対応表!$C:$C," ") | CR21: 冾 | CS21: =_xlfn.XLOOKUP(CR21,対応表!$B:$B,対応表!$C:$C," ") | CT21: 凒 | CU21: =_xlfn.XLOOKUP(CT21,対応表!$B:$B,対応表!$C:$C," ") | CV21: 処 | CW21: =_xlfn.XLOOKUP(CV21,対応表!$B:$B,対応表!$C:$C," ") -> 我 | CX21: 出 | CY21: =_xlfn.XLOOKUP(CX21,対応表!$B:$B,対応表!$C:$C," ") | CZ21: 刎 | DA21: =_xlfn.XLOOKUP(CZ21,対応表!$B:$B,対応表!$C:$C," ") | DB21: 刢 | DC21: =_xlfn.XLOOKUP(DB21,対応表!$B:$B,対応表!$C:$C," ") | DD21: 制 | DE21: =_xlfn.XLOOKUP(DD21,対応表!$B:$B,対応表!$C:$C," ") | DF21: 削 | DG21: =_xlfn.XLOOKUP(DF21,対応表!$B:$B,対応表!$C:$C," ") | DH21: 剞 | DI21: =_xlfn.XLOOKUP(DH21,対応表!$B:$B,対応表!$C:$C," ") | DJ21: 割 | DK21: =_xlfn.XLOOKUP(DJ21,対応表!$B:$B,対応表!$C:$C," ") -> 加 | DL21: 劆 | DM21: =_xlfn.XLOOKUP(DL21,対応表!$B:$B,対応表!$C:$C," ") -> ゆ | DN21: 劚 | DO21: =_xlfn.XLOOKUP(DN21,対応表!$B:$B,対応表!$C:$C," ") -> 正? | DP21: 劮 | DQ21: =_xlfn.XLOOKUP(DP21,対応表!$B:$B,対応表!$C:$C," ") | DR21: 勂 | DS21: =_xlfn.XLOOKUP(DR21,対応表!$B:$B,対応表!$C:$C," ") | DT21: 勖 | DU21: =_xlfn.XLOOKUP(DT21,対応表!$B:$B,対応表!$C:$C," ") | DV21: 勪 | DW21: =_xlfn.XLOOKUP(DV21,対応表!$B:$B,対応表!$C:$C," ") | DX21: 勾 | DY21: =_xlfn.XLOOKUP(DX21,対応表!$B:$B,対応表!$C:$C," ") | DZ21: 匒 | EA21: =_xlfn.XLOOKUP(DZ21,対応表!$B:$B,対応表!$C:$C," ") | EB21: 匦 | EC21: =_xlfn.XLOOKUP(EB21,対応表!$B:$B,対応表!$C:$C," ") | ED21: 区 | EE21: =_xlfn.XLOOKUP(ED21,対応表!$B:$B,対応表!$C:$C," ") | EF21: 华 | EG21: =_xlfn.XLOOKUP(EF21,対応表!$B:$B,対応表!$C:$C," ") | EH21: 卢 | EI21: =_xlfn.XLOOKUP(EH21,対応表!$B:$B,対応表!$C:$C," ") | EJ21: 卶 | EK21: =_xlfn.XLOOKUP(EJ21,対応表!$B:$B,対応表!$C:$C," ")
A22: Ｔ | B22: 专 | C22: =_xlfn.XLOOKUP(B22,対応表!$B:$B,対応表!$C:$C,"延") -> 延? | D22: 丧 | E22: {=_xlfn.XLOOKUP(D22,対応表!$B:B,対応表!$C:C,"る")} -> る | F22: 主 | G22: =_xlfn.XLOOKUP(F22,対応表!$B:$B,対応表!$C:$C," ") -> 影 | H22: 乏 | I22: =_xlfn.XLOOKUP(H22,対応表!$B:$B,対応表!$C:$C," ") -> ら | J22: 乣 | K22: =_xlfn.XLOOKUP(J22,対応表!$B:$B,対応表!$C:$C,"な") -> な | L22: 乷 | M22: =_xlfn.XLOOKUP(L22,対応表!$B:$B,対応表!$C:$C,"の") -> の | N22: 事 | O22: =_xlfn.XLOOKUP(N22,対応表!$B:$B,対応表!$C:$C," ") | P22: 亟 | Q22: =_xlfn.XLOOKUP(P22,対応表!$B:$B,対応表!$C:$C,"う") -> う | R22: 亳 | S22: =_xlfn.XLOOKUP(R22,対応表!$B:$B,対応表!$C:$C," ") -> 間 | T22: 仇 | U22: =_xlfn.XLOOKUP(T22,対応表!$B:$B,対応表!$C:$C," ") | V22: 仛 | W22: =_xlfn.XLOOKUP(V22,対応表!$B:$B,対応表!$C:$C," ") | X22: 仯 | Y22: =_xlfn.XLOOKUP(X22,対応表!$B:$B,対応表!$C:$C," ") | Z22: 伃 | AA22: =_xlfn.XLOOKUP(Z22,対応表!$B:$B,対応表!$C:$C," ") | AB22: 众 | AC22: =_xlfn.XLOOKUP(AB22,対応表!$B:$B,対応表!$C:$C," ") | AD22: 伫 | AE22: =_xlfn.XLOOKUP(AD22,対応表!$B:$B,対応表!$C:$C," ") | AF22: 伿 | AG22: =_xlfn.XLOOKUP(AF22,対応表!$B:$B,対応表!$C:$C," ") | AH22: 体 | AI22: =_xlfn.XLOOKUP(AH22,対応表!$B:$B,対応表!$C:$C," ") | AJ22: 佧 | AK22: =_xlfn.XLOOKUP(AJ22,対応表!$B:$B,対応表!$C:$C," ") | AL22: 佻 | AM22: =_xlfn.XLOOKUP(AL22,対応表!$B:$B,対応表!$C:$C," ") | AN22: 侏 | AO22: =_xlfn.XLOOKUP(AN22,対応表!$B:$B,対応表!$C:$C," ") | AP22: 侣 | AQ22: =_xlfn.XLOOKUP(AP22,対応表!$B:$B,対応表!$C:$C," ") | AR22: 侷 | AS22: =_xlfn.XLOOKUP(AR22,対応表!$B:$B,対応表!$C:$C," ") | AT22: 俋 | AU22: =_xlfn.XLOOKUP(AT22,対応表!$B:$B,対応表!$C:$C," ") | AV22: 俟 | AW22: =_xlfn.XLOOKUP(AV22,対応表!$B:$B,対応表!$C:$C," ") | AX22: 俳 | AY22: =_xlfn.XLOOKUP(AX22,対応表!$B:$B,対応表!$C:$C," ") -> 塞? | AZ22: 倇 | BA22: =_xlfn.XLOOKUP(AZ22,対応表!$B:$B,対応表!$C:$C," ") | BB22: 倛 | BC22: =_xlfn.XLOOKUP(BB22,対応表!$B:$B,対応表!$C:$C," ") | BD22: 倯 | BE22: =_xlfn.XLOOKUP(BD22,対応表!$B:$B,対応表!$C:$C," ") -> 歩 | BF22: 偃 | BG22: =_xlfn.XLOOKUP(BF22,対応表!$B:$B,対応表!$C:$C," ") | BH22: 偗 | BI22: =_xlfn.XLOOKUP(BH22,対応表!$B:$B,対応表!$C:$C," ") -> [偗]? | BJ22: 偫 | BK22: =_xlfn.XLOOKUP(BJ22,対応表!$B:$B,対応表!$C:$C," ") | BL22: 偿 | BM22: =_xlfn.XLOOKUP(BL22,対応表!$B:$B,対応表!$C:$C," ") | BN22: 傓 | BO22: =_xlfn.XLOOKUP(BN22,対応表!$B:$B,対応表!$C:$C," ") | BP22: 傧 | BQ22: =_xlfn.XLOOKUP(BP22,対応表!$B:$B,対応表!$C:$C," ") | BR22: 傻 | BS22: =_xlfn.XLOOKUP(BR22,対応表!$B:$B,対応表!$C:$C," ") | BT22: 像 | BU22: =_xlfn.XLOOKUP(BT22,対応表!$B:$B,対応表!$C:$C," ") | BV22: 僣 | BW22: =_xlfn.XLOOKUP(BV22,対応表!$B:$B,対応表!$C:$C," ") | BX22: 僷 | BY22: =_xlfn.XLOOKUP(BX22,対応表!$B:$B,対応表!$C:$C," ") | BZ22: 儋 | CA22: =_xlfn.XLOOKUP(BZ22,対応表!$B:$B,対応表!$C:$C," ") | CB22: 償 | CC22: =_xlfn.XLOOKUP(CB22,対応表!$B:$B,対応表!$C:$C," ") | CD22: 儳 | CE22: =_xlfn.XLOOKUP(CD22,対応表!$B:$B,対応表!$C:$C," ") -> 恐 | CF22: 兇 | CG22: =_xlfn.XLOOKUP(CF22,対応表!$B:$B,対応表!$C:$C," ") | CH22: 兛 | CI22: =_xlfn.XLOOKUP(CH22,対応表!$B:$B,対応表!$C:$C," ") -> 性 | CJ22: 兯 | CK22: =_xlfn.XLOOKUP(CJ22,対応表!$B:$B,対応表!$C:$C," ") | CL22: 冃 | CM22: =_xlfn.XLOOKUP(CL22,対応表!$B:$B,対応表!$C:$C," ") | CN22: 冗 | CO22: =_xlfn.XLOOKUP(CN22,対応表!$B:$B,対応表!$C:$C," ") | CP22: 冫 | CQ22: =_xlfn.XLOOKUP(CP22,対応表!$B:$B,対応表!$C:$C," ") | CR22: 冿 | CS22: =_xlfn.XLOOKUP(CR22,対応表!$B:$B,対応表!$C:$C," ") | CT22: 凓 | CU22: =_xlfn.XLOOKUP(CT22,対応表!$B:$B,対応表!$C:$C," ") | CV22: 凧 | CW22: =_xlfn.XLOOKUP(CV22,対応表!$B:$B,対応表!$C:$C," ") | CX22: 击 | CY22: =_xlfn.XLOOKUP(CX22,対応表!$B:$B,対応表!$C:$C," ") | CZ22: 刏 | DA22: =_xlfn.XLOOKUP(CZ22,対応表!$B:$B,対応表!$C:$C," ") | DB22: 刣 | DC22: =_xlfn.XLOOKUP(DB22,対応表!$B:$B,対応表!$C:$C," ") | DD22: 刷 | DE22: =_xlfn.XLOOKUP(DD22,対応表!$B:$B,対応表!$C:$C," ") | DF22: 剋 | DG22: =_xlfn.XLOOKUP(DF22,対応表!$B:$B,対応表!$C:$C," ") | DH22: 剟 | DI22: =_xlfn.XLOOKUP(DH22,対応表!$B:$B,対応表!$C:$C," ") | DJ22: 剳 | DK22: =_xlfn.XLOOKUP(DJ22,対応表!$B:$B,対応表!$C:$C," ") | DL22: 劇 | DM22: =_xlfn.XLOOKUP(DL22,対応表!$B:$B,対応表!$C:$C," ") | DN22: 力 | DO22: =_xlfn.XLOOKUP(DN22,対応表!$B:$B,対応表!$C:$C," ") | DP22: 劯 | DQ22: =_xlfn.XLOOKUP(DP22,対応表!$B:$B,対応表!$C:$C," ") | DR22: 勃 | DS22: =_xlfn.XLOOKUP(DR22,対応表!$B:$B,対応表!$C:$C," ") | DT22: 勗 | DU22: =_xlfn.XLOOKUP(DT22,対応表!$B:$B,対応表!$C:$C," ") | DV22: 勫 | DW22: =_xlfn.XLOOKUP(DV22,対応表!$B:$B,対応表!$C:$C," ") | DX22: 勿 | DY22: =_xlfn.XLOOKUP(DX22,対応表!$B:$B,対応表!$C:$C," ") -> 次? | DZ22: 匓 | EA22: =_xlfn.XLOOKUP(DZ22,対応表!$B:$B,対応表!$C:$C," ") | EB22: 匧 | EC22: =_xlfn.XLOOKUP(EB22,対応表!$B:$B,対応表!$C:$C," ") | ED22: 医 | EE22: =_xlfn.XLOOKUP(ED22,対応表!$B:$B,対応表!$C:$C," ") | EF22: 协 | EG22: =_xlfn.XLOOKUP(EF22,対応表!$B:$B,対応表!$C:$C," ") | EH22: 卣 | EI22: =_xlfn.XLOOKUP(EH22,対応表!$B:$B,対応表!$C:$C," ") | EJ22: 卷 | EK22: =_xlfn.XLOOKUP(EJ22,対応表!$B:$B,対応表!$C:$C," ")

Sheet 検索文字
A1: 伭卋乳偗介佁侸侻剸
A3: 丣
A4: 個
A5: 僇
A6: 亵
A7: 乐
A8: 卜
A9: 丸
A10: 亡
A11: 佄

Sheet 検索メモ
B1: 桶文字 | C1: 日本語 | D1: 出展 | E1: メモ | F1: けんさくけっ果
B2: 世乥一儵 | C2: たばこ屋 | D2: 公式サイト | E2: 検索することで消える前の画像が見られるのでは？ | F2: ない
B3: 仃丄 | C3: えき | D3: 公式サイト | E3: 今は封鎖されている？ | F3: ない
B4: 丢丆乛乏侕 | C4: レストラン | D4: 公式サイト | E4: お店として「レストラン」は出てきてない | F4: ない
B5: 什丣侕 | C5: 地しん | D5: 公式サイト | E5: 地震そのものについては調べてないような | F5: ない
B6: 什儺伏亩侔东 | C6: 地下街フェア | D6: 公式サイト | E6: なにそれ | F6: ない
B7: 万仝凋 | C7: はっぴ | D7: 公式サイト | E7: もしかしたら何かあるかもしれない | F7: ない
B8: 剸勁 | C8: 文化 | D8: 公式サイト | E8: 調べた気もする | F8: ない
B9: 什儺伏剸勁勇儿丌代 | C9: 地下街文化保存かい | D9: 公式サイト | E9: 組織として出てくる可能性 | F9: ない😭
B10: 倄乼 | C10: 沿革 | D10: 公式サイト | E10: もしかしたらもしかするかもしれない | F10: ない
B11: 凃乡 | C11: 封さ | D11: 公式サイト | E11: なんかあるかも | F11: ない
B12: 万代儼 | C12: はい区 | D12: 公式サイト | E12: なんかあるかも | F12: あった
... B40: 乢侕乯代 | C40: もんだい | D40: 公式サイト | E40: なんかあるかも | F40: ない
B41: 丟代匵佫别 | C41: けい備本ぶ | D41: 公式サイト | F41: ない
B42: 买乱举 | C42: ろうや | D42: 公式サイト | F42: ない
B43: 勀假 | C43: ○客 | D43: 公式サイト | F43: ない
B44: 丆俊仝乛 | C44: すぽっと | D44: 公式サイト | F44: ない
B45: 冡 | C45: 命 | D45: 公式サイト | F45: ない
B46: 世乇＊ | C46: たく？ | D46: 公式サイト | F46: ない
B47: 備乐侕 | C47: 新せん | D47: 公式サイト | F47: ない
B48: 乛倈乏代 | C48: とむらい | D48: 公式サイト | F48: ない
B49: 丑丄佒 | C49: 生き物 | D49: 公式サイト | F49: ない
B50: 兡代乏代 | C50: ごいらい | D50: 公式サイト | F50: ない
B51: 什儺伏乐侕乢侕 | C51: 地下街せんもん | D51: 公式サイト | F51: ない
B52: 个傫侕 | C52: 一ぱん | D52: 公式サイト | F52: ない
... B67: 举乇兰丝 | C67: やくわり | D67: 公式サイト | F67: ない
B68: 亾亿什 | C68: 防○地？ | D68: unicode表 | E68: 真ん中ローラー？ | F68: なさげ
B69: 仑仒 | C69: 異形？ | D69: unicode表 | F69: ない
B70: 仩仪仫 | C70: 親○色？ | D70: unicode表 | E70: 真ん中ローラー？ | F70: なさげ
B71: 佲佳 | C71: 食事 | D71: unicode表 | F71: ない
B72: 佫佬 | C72: 本壁？ | D72: unicode表 | E72: ○本壁とかかもしれない | F72: ない
B73: 勀勁 | C73: 勀化 | D73: unicode表 | F73: ない
B74: 剷剸 | C74: 定文 | D74: unicode表 | F74: ない
B75: 上亡 | C75: 不満 | D75: - | F75: ない
B76: 佄俥不代 | C76: つぐない | D76: 桶地下サイト | F76: ない
B77: 亏仝丟侕丣佄 | C77: じっけんしつ | D77: - | F77: ない
B78: 乯両丣儵 | C78: 駄菓子屋 | D78: - | E78: ありそうな、「閉店した店」 | F78: ない
B79: 佲亠乱 | C79: 食堂 | D79: - | E79: ありそうな、「閉店した店」 | F79: ない
B80: 丝亞乱丝伸代 | C80: 料亭 | D80: - | E80: ありそうな、「閉店した店」 | F80: ない
B81: 乐代丌倏 | C81: 青果店 | D81: - | E81: ありそうな、「閉店した店」 | F81: ない
B82: 兰両丣儵 | C82: 和菓子屋 | D82: - | E82: ありそうな、「閉店した店」 | F82: ない
B83: 丌亩侔 | C83: カフェ | D83: - | E83: ありそうな、「閉店した店」 | F83: ない
B84: 乡丌儵 | C84: 酒屋 | D84: - | E84: ありそうな、「閉店した店」 | F84: あった←？？！
B85: 举丄丂乇儵 | C85: 焼肉屋 | D85: - | E85: ありそうな、「閉店した店」
B86: 且丆乛买 | C86: ビストロ | D86: - | E86: ありそうな、「閉店した店」
B87: 丆不仝乇 | C87: スナック | D87: - | E87: ありそうな、「閉店した店」
B88: 丣伖乇丄亇 | C88: しゅくきぎ | D88: 桶地下考 | E88: バッグに残されていたメモ 祝○儀？ | F88: ない
B89: 傚丄亇 | C89: 祝きぎ | D89: 桶地下考 | F89: ない
B90: 丅 | C90: 記 | D90: 単漢字
B91: 僤 | C91: 寄? | D91: 単漢字
B92: 丑 | C92: 生 | D92: 単漢字
B93: 乧 | C93: 来 | D93: 単漢字
B94: 之 | C94: 々 | D94: 単漢字
B95: 僌丽买儼乡丌儵 | C95: おぼろ区さか屋 | D95: 公式サイト | F95: ない
B96: 伛争 | C96: 合ず | D96: 公式サイト | F96: ない
B97: 匇劈 | C97: 愛情？ | D97: - | F97: ない
B98: 亡仢乇 | C98: 満ぞく | D98: - | F98: ない
B99: 儌乥举剪 | C99: 祭ばや子 | D99: 桶地下孝 | F99: ない
B100: 倾主 | C100: 人影 | D100: - | F100: ない
B101: 万冯亳 | C101: はざ間 | D101: - | F101: ない
B102: 一乱仃侕 | C102: こうえん | D102: 桶地下考 | F102: ない
B103: 伕佄亇 | C103: ひつぎ | D103: 桶地下考 | F103: ない
B104: 丌侕僌丟 | C104: かんおけ | D104: 桶地下考 | F104: ない
B105: 别伥乱 | C105: ぶよう | D105: - | F105: ない
B106: 三丢侕 | C106: のれん | D106: 公式サイト | F106: ない

Sheet 存在しない漢字
B1: 漢字 | C1: URL① | D1: ②
B2: 公 | C2: ほーむ
B3: 式 | C3: ほーむ
B4: 長 | C4: ほーむ
B5: 支 | C5: ほーむ
B6: 買 | C6: ほーむ
B7: 従 | C7: ほーむ
B8: 業 | C8: ほーむ
B9: 員 | C9: ほーむ
B10: 笑 | C10: ほーむ
B11: 顔 | C11: ほーむ
B12: 舗 | C12: ほーむ
B13: 紹 | C13: ほーむ
... B32: 今 | C32: 地しんのお知らせ
B33: 後 | C33: 地しんのお知らせ | D33: 沿革？
B34: 通 | C34: 地しんのお知らせ
B35: 路 | C35: 地しんのお知らせ
B36: 示 | C36: 地しんのお知らせ
B37: 動 | C37: 地しんのお知らせ
B38: 願 | C38: 地しんのお知らせ
B39: 催 | C39: いべんとのお知らせ | D39: 第1区
B40: 各 | C40: いべんとのお知らせ
B41: 商 | C41: いべんとのお知らせ
B42: 意 | C42: いべんとのお知らせ
B43: 売 | C43: いべんとのお知らせ
B44: 部 | C44: いべんとのお知らせ
B45: 注 | C45: いべんとのお知らせ
B46: 毎 | C46: 無影言本祭のお知らせ
B47: 恒 | C47: 無影言本祭のお知らせ
B48: 例 | C48: 無影言本祭のお知らせ
B49: 足 | C49: 無影言本祭のお知らせ
B50: 元 | C50: 無影言本祭のお知らせ
B51: 共 | C51: 無影言本祭のお知らせ
... B61: 展 | C61: 地下街について
B62: 実 | C62: 地下街について | D62: 集かい所
B63: 私 | C63: 地下街について
B64: 盛 | C64: 地下街について
B65: 参 | C65: 地下街について
B66: 認 | C66: 地下街について
B67: 分 | C67: 地下街について
B68: 勝 | C68: 地下街について
B69: 慎 | C69: 地下街について
B70: 警 | C70: 地下街について
B71: 世 | C71: 沿革？
B72: 継 | C72: 沿革？
B73: 承 | C73: 沿革？
B74: 割 | C74: 沿革？ | D74: なき子
B75: 駅 | C75: 沿革？
B76: 飛 | C76: 沿革？
B77: 躍 | C77: 沿革？
B78: 連 | C78: 沿革？
B79: 賑 | C79: 沿革？
B80: 追 | C80: 沿革？
B81: 憩 | C81: 沿革？
B82: 廃 | C82: 沿革？
B83: 編 | C83: 沿革？
B84: 少 | C84: 沿革？
B85: 数 | C85: 沿革？
B86: 突 | C86: 沿革？
... B92: 派 | C92: 第一区は出所
B93: 住 | C93: 常明像/王？ | D93: 無影言本祭について
B94: 民 | C94: 常明像/王？ | D94: 無影言本祭について
B95: 昔 | C95: 定食屋
B96: 栄 | C96: 定食屋
B97: 曜 | C97: 定食屋
B98: 慢 | C98: そば屋
B99: 寧 | C99: そば屋
B100: 打 | C100: そば屋
B101: 提 | C101: そば屋
B102: 供 | C102: そば屋
B103: 豊 | C103: そば屋
B104: 麺 | C104: そば屋
B105: 効 | C105: そば屋
B106: 堪 | C106: そば屋
... B130: 材 | C130: すし屋
B131: 極 | C131: すし屋 | D131: うらない屋
B132: 水 | C132: すし屋 | D132: ばー
B133: 厳 | C133: らーめん屋
B134: 煮 | C134: らーめん屋
B135: 凝 | C135: らーめん屋
B136: 縮 | C136: らーめん屋
B137: 杯 | C137: らーめん屋
B138: 違 | C138: らーめん屋
B139: 他 | C139: ばー
B140: 仕 | C140: ばー
B141: 嫌 | C141: ばー
B142: 酒 | C142: ばー
B143: 流 | C143: ばー
B144: 床 | C144: とこ屋
... B156: 好 | C156: おにぎり屋
B157: 炊 | C157: おにぎり屋 | D157: くつ屋
B158: 立 | C158: おにぎり屋
B159: 腹 | C159: おにぎり屋
B160: 華 | C160: 中かりょうり屋
B161: 少 | C161: 中かりょうり屋
B162: 辛 | C162: 中かりょうり屋
B163: 高 | C163: 中かりょうり屋
B164: 炒 | C164: 中かりょうり屋
B165: 油 | C165: 中かりょうり屋
B166: 刺 | C166: 中かりょうり屋
...

Sheet Sheet1
B2: うらみ=疫病？ | C2: トイレを整備とかそれっぽい
B3: 遷客 | C3: 罪を受けて遠い土地へ流された人や、左遷された人 | D3: サイト
B4: 遷化 | C4: 高僧の死亡を、婉曲的に、かつ、敬っていう語 | D4: unicode
B5: 過○のお知らせ | C5: 過状？（過失や過ちの記録）
